,date,home,away,score,play_round,home_goals,away_goals,url,home_manager,away_manager,home_sheet,away_sheet
1,07/08/2004,Bristol City,Torquay United,1:1,1,1,1,unknown,,,[],[]
2,07/08/2004,Chesterfield FC,Brentford FC,3:1,1,3,1,unknown,,,[],[]
3,07/08/2004,Doncaster Rovers,Blackpool FC,2:0,1,2,0,unknown,,,[],[]
4,07/08/2004,Hartlepool United,Bradford City,2:1,1,2,1,unknown,,,[],[]
5,07/08/2004,Hull City,AFC Bournemouth,1:0,1,1,0,unknown,,,[],[]
6,07/08/2004,Luton Town,Oldham Athletic,2:1,1,2,1,unknown,,,[],[]
7,07/08/2004,Milton Keynes Dons,Barnsley FC,1:1,1,1,1,unknown,,,[],[]
8,07/08/2004,Peterborough United,Tranmere Rovers,1:0,1,1,0,unknown,,,[],[]
9,07/08/2004,Sheffield Wednesday,Colchester United,0:3,1,0,3,unknown,,,[],[]
10,07/08/2004,Stockport County,Huddersfield Town,2:3,1,2,3,unknown,,,[],[]
11,07/08/2004,Walsall FC,Port Vale FC,3:2,1,3,2,unknown,,,[],[]
12,07/08/2004,Wrexham AFC,Swindon Town,2:1,1,2,1,unknown,,,[],[]
14,10/08/2004,Barnsley FC,Bristol City,2:1,2,2,1,unknown,,,[],[]
15,10/08/2004,Blackpool FC,Sheffield Wednesday,1:2,2,1,2,unknown,,,[],[]
16,10/08/2004,AFC Bournemouth,Walsall FC,2:2,2,2,2,unknown,,,[],[]
17,10/08/2004,Bradford City,Peterborough United,2:2,2,2,2,unknown,,,[],[]
18,10/08/2004,Brentford FC,Doncaster Rovers,4:3,2,4,3,unknown,,,[],[]
19,10/08/2004,Colchester United,Stockport County,3:2,2,3,2,unknown,,,[],[]
20,10/08/2004,Huddersfield Town,Chesterfield FC,0:0,2,0,0,unknown,,,[],[]
21,10/08/2004,Oldham Athletic,Wrexham AFC,2:3,2,2,3,unknown,,,[],[]
22,10/08/2004,Port Vale FC,Milton Keynes Dons,3:2,2,3,2,unknown,,,[],[]
23,10/08/2004,Torquay United,Hull City,0:3,2,0,3,unknown,,,[],[]
24,10/08/2004,Tranmere Rovers,Hartlepool United,2:1,2,2,1,unknown,,,[],[]
25,11/08/2004,Swindon Town,Luton Town,2:3,2,2,3,unknown,,,[],[]
27,14/08/2004,AFC Bournemouth,Bristol City,2:2,3,2,2,unknown,,,[],[]
28,14/08/2004,Barnsley FC,Luton Town,3:4,3,3,4,unknown,,,[],[]
29,14/08/2004,Blackpool FC,Stockport County,0:4,3,0,4,unknown,,,[],[]
30,14/08/2004,Bradford City,Doncaster Rovers,2:0,3,2,0,unknown,,,[],[]
31,14/08/2004,Brentford FC,Wrexham AFC,1:0,3,1,0,unknown,,,[],[]
32,14/08/2004,Colchester United,Peterborough United,2:1,3,2,1,unknown,,,[],[]
33,14/08/2004,Oldham Athletic,Walsall FC,5:3,3,5,3,unknown,,,[],[]
34,14/08/2004,Port Vale FC,Hull City,3:2,3,3,2,unknown,,,[],[]
35,14/08/2004,Swindon Town,Milton Keynes Dons,2:1,3,2,1,unknown,,,[],[]
36,14/08/2004,Torquay United,Sheffield Wednesday,2:4,3,2,4,unknown,,,[],[]
37,14/08/2004,Tranmere Rovers,Chesterfield FC,1:0,3,1,0,unknown,,,[],[]
38,16/08/2004,Huddersfield Town,Hartlepool United,0:2,3,0,2,unknown,,,[],[]
40,21/08/2004,Bristol City,Swindon Town,1:2,4,1,2,unknown,,,[],[]
41,21/08/2004,Chesterfield FC,Colchester United,2:1,4,2,1,unknown,,,[],[]
42,21/08/2004,Doncaster Rovers,Tranmere Rovers,0:0,4,0,0,unknown,,,[],[]
43,21/08/2004,Hartlepool United,Blackpool FC,1:1,4,1,1,unknown,,,[],[]
44,21/08/2004,Hull City,Oldham Athletic,2:0,4,2,0,unknown,,,[],[]
45,21/08/2004,Luton Town,Torquay United,1:0,4,1,0,unknown,,,[],[]
46,21/08/2004,Milton Keynes Dons,AFC Bournemouth,1:3,4,1,3,unknown,,,[],[]
47,21/08/2004,Peterborough United,Brentford FC,3:0,4,3,0,unknown,,,[],[]
48,21/08/2004,Sheffield Wednesday,Huddersfield Town,1:0,4,1,0,unknown,,,[],[]
49,21/08/2004,Stockport County,Bradford City,0:1,4,0,1,unknown,,,[],[]
50,21/08/2004,Walsall FC,Barnsley FC,2:2,4,2,2,unknown,,,[],[]
51,21/08/2004,Wrexham AFC,Port Vale FC,1:1,4,1,1,unknown,,,[],[]
53,27/08/2004,Tranmere Rovers,Sheffield Wednesday,4:2,5,4,2,unknown,,,[],[]
54,28/08/2004,AFC Bournemouth,Wrexham AFC,1:0,5,1,0,unknown,,,[],[]
55,28/08/2004,Barnsley FC,Hull City,1:2,5,1,2,unknown,,,[],[]
56,28/08/2004,Blackpool FC,Luton Town,1:3,5,1,3,unknown,,,[],[]
57,28/08/2004,Bradford City,Chesterfield FC,2:3,5,2,3,unknown,,,[],[]
58,28/08/2004,Brentford FC,Stockport County,3:0,5,3,0,unknown,,,[],[]
59,28/08/2004,Colchester United,Doncaster Rovers,4:1,5,4,1,unknown,,,[],[]
60,28/08/2004,Huddersfield Town,Peterborough United,2:1,5,2,1,unknown,,,[],[]
61,28/08/2004,Oldham Athletic,Milton Keynes Dons,3:0,5,3,0,unknown,,,[],[]
62,28/08/2004,Port Vale FC,Bristol City,3:0,5,3,0,unknown,,,[],[]
63,28/08/2004,Swindon Town,Hartlepool United,3:0,5,3,0,unknown,,,[],[]
64,28/08/2004,Torquay United,Walsall FC,0:0,5,0,0,unknown,,,[],[]
66,30/08/2004,Bristol City,Brentford FC,4:1,6,4,1,unknown,,,[],[]
67,30/08/2004,Doncaster Rovers,Huddersfield Town,2:1,6,2,1,unknown,,,[],[]
68,30/08/2004,Hartlepool United,Colchester United,2:1,6,2,1,unknown,,,[],[]
69,30/08/2004,Luton Town,AFC Bournemouth,1:0,6,1,0,unknown,,,[],[]
70,30/08/2004,Milton Keynes Dons,Torquay United,1:0,6,1,0,unknown,,,[],[]
71,30/08/2004,Peterborough United,Blackpool FC,0:0,6,0,0,unknown,,,[],[]
72,30/08/2004,Sheffield Wednesday,Oldham Athletic,1:1,6,1,1,unknown,,,[],[]
73,30/08/2004,Stockport County,Tranmere Rovers,1:1,6,1,1,unknown,,,[],[]
74,30/08/2004,Walsall FC,Swindon Town,3:2,6,3,2,unknown,,,[],[]
75,30/08/2004,Wrexham AFC,Barnsley FC,2:1,6,2,1,unknown,,,[],[]
76,31/08/2004,Chesterfield FC,Port Vale FC,1:0,6,1,0,unknown,,,[],[]
77,31/08/2004,Hull City,Bradford City,0:1,6,0,1,unknown,,,[],[]
79,04/09/2004,Sheffield Wednesday,Luton Town,0:0,7,0,0,unknown,,,[],[]
80,04/09/2004,Stockport County,Torquay United,0:2,7,0,2,unknown,,,[],[]
81,04/09/2004,Bradford City,Port Vale FC,0:2,7,0,2,unknown,,,[],[]
82,04/09/2004,Brentford FC,AFC Bournemouth,2:1,7,2,1,unknown,,,[],[]
83,04/09/2004,Chesterfield FC,Milton Keynes Dons,2:2,7,2,2,unknown,,,[],[]
84,04/09/2004,Colchester United,Swindon Town,0:1,7,0,1,unknown,,,[],[]
85,04/09/2004,Doncaster Rovers,Walsall FC,3:1,7,3,1,unknown,,,[],[]
86,04/09/2004,Hartlepool United,Barnsley FC,1:1,7,1,1,unknown,,,[],[]
87,04/09/2004,Peterborough United,Bristol City,0:1,7,0,1,unknown,,,[],[]
88,05/09/2004,Huddersfield Town,Hull City,4:0,7,4,0,unknown,,,[],[]
89,14/09/2004,Tranmere Rovers,Oldham Athletic,2:0,7,2,0,unknown,,,[],[]
90,09/11/2004,Blackpool FC,Wrexham AFC,2:1,7,2,1,unknown,,,[],[]
92,11/09/2004,AFC Bournemouth,Colchester United,1:3,8,1,3,unknown,,,[],[]
93,11/09/2004,Barnsley FC,Tranmere Rovers,0:0,8,0,0,unknown,,,[],[]
94,11/09/2004,Bristol City,Stockport County,5:0,8,5,0,unknown,,,[],[]
95,11/09/2004,Hull City,Blackpool FC,2:1,8,2,1,unknown,,,[],[]
96,11/09/2004,Luton Town,Chesterfield FC,1:0,8,1,0,unknown,,,[],[]
97,11/09/2004,Milton Keynes Dons,Doncaster Rovers,0:1,8,0,1,unknown,,,[],[]
98,11/09/2004,Oldham Athletic,Hartlepool United,3:2,8,3,2,unknown,,,[],[]
99,11/09/2004,Port Vale FC,Huddersfield Town,0:3,8,0,3,unknown,,,[],[]
100,11/09/2004,Swindon Town,Peterborough United,0:1,8,0,1,unknown,,,[],[]
101,11/09/2004,Torquay United,Brentford FC,2:2,8,2,2,unknown,,,[],[]
102,11/09/2004,Walsall FC,Sheffield Wednesday,1:1,8,1,1,unknown,,,[],[]
103,11/09/2004,Wrexham AFC,Bradford City,1:0,8,1,0,unknown,,,[],[]
105,18/09/2004,Tranmere Rovers,Wrexham AFC,1:1,9,1,1,unknown,,,[],[]
106,18/09/2004,Blackpool FC,Swindon Town,1:1,9,1,1,unknown,,,[],[]
107,18/09/2004,Bradford City,Bristol City,4:1,9,4,1,unknown,,,[],[]
108,18/09/2004,Brentford FC,Port Vale FC,1:0,9,1,0,unknown,,,[],[]
109,18/09/2004,Chesterfield FC,Walsall FC,1:0,9,1,0,unknown,,,[],[]
110,18/09/2004,Colchester United,Milton Keynes Dons,0:1,9,0,1,unknown,,,[],[]
111,18/09/2004,Doncaster Rovers,Oldham Athletic,1:1,9,1,1,unknown,,,[],[]
112,18/09/2004,Hartlepool United,Torquay United,4:1,9,4,1,unknown,,,[],[]
113,18/09/2004,Huddersfield Town,Barnsley FC,0:2,9,0,2,unknown,,,[],[]
114,18/09/2004,Peterborough United,Hull City,2:3,9,2,3,unknown,,,[],[]
115,18/09/2004,Sheffield Wednesday,AFC Bournemouth,0:1,9,0,1,unknown,,,[],[]
116,18/09/2004,Stockport County,Luton Town,1:3,9,1,3,unknown,,,[],[]
118,25/09/2004,AFC Bournemouth,Doncaster Rovers,5:0,10,5,0,unknown,,,[],[]
119,25/09/2004,Barnsley FC,Chesterfield FC,1:0,10,1,0,unknown,,,[],[]
120,25/09/2004,Bristol City,Huddersfield Town,3:3,10,3,3,unknown,,,[],[]
121,25/09/2004,Hull City,Stockport County,0:0,10,0,0,unknown,,,[],[]
122,25/09/2004,Luton Town,Peterborough United,2:1,10,2,1,unknown,,,[],[]
123,25/09/2004,Milton Keynes Dons,Hartlepool United,4:2,10,4,2,unknown,,,[],[]
124,25/09/2004,Oldham Athletic,Colchester United,1:1,10,1,1,unknown,,,[],[]
125,25/09/2004,Port Vale FC,Blackpool FC,0:3,10,0,3,unknown,,,[],[]
126,25/09/2004,Swindon Town,Bradford City,1:0,10,1,0,unknown,,,[],[]
127,25/09/2004,Torquay United,Tranmere Rovers,1:2,10,1,2,unknown,,,[],[]
128,25/09/2004,Walsall FC,Brentford FC,0:1,10,0,1,unknown,,,[],[]
129,25/09/2004,Wrexham AFC,Sheffield Wednesday,0:3,10,0,3,unknown,,,[],[]
131,02/10/2004,Blackpool FC,AFC Bournemouth,3:3,11,3,3,unknown,,,[],[]
132,02/10/2004,Bradford City,Barnsley FC,1:0,11,1,0,unknown,,,[],[]
133,02/10/2004,Brentford FC,Oldham Athletic,2:0,11,2,0,unknown,,,[],[]
134,02/10/2004,Chesterfield FC,Bristol City,2:2,11,2,2,unknown,,,[],[]
135,02/10/2004,Colchester United,Port Vale FC,2:1,11,2,1,unknown,,,[],[]
136,02/10/2004,Doncaster Rovers,Wrexham AFC,0:0,11,0,0,unknown,,,[],[]
137,02/10/2004,Hartlepool United,Hull City,2:0,11,2,0,unknown,,,[],[]
138,02/10/2004,Huddersfield Town,Walsall FC,3:1,11,3,1,unknown,,,[],[]
139,02/10/2004,Peterborough United,Torquay United,1:1,11,1,1,unknown,,,[],[]
140,02/10/2004,Sheffield Wednesday,Milton Keynes Dons,1:1,11,1,1,unknown,,,[],[]
141,02/10/2004,Stockport County,Swindon Town,3:3,11,3,3,unknown,,,[],[]
142,02/10/2004,Tranmere Rovers,Luton Town,1:1,11,1,1,unknown,,,[],[]
144,08/10/2004,AFC Bournemouth,Stockport County,2:1,12,2,1,unknown,,,[],[]
145,08/10/2004,Luton Town,Hartlepool United,3:0,12,3,0,unknown,,,[],[]
146,08/10/2004,Milton Keynes Dons,Bradford City,1:2,12,1,2,unknown,,,[],[]
147,08/10/2004,Port Vale FC,Doncaster Rovers,2:0,12,2,0,unknown,,,[],[]
148,09/10/2004,Barnsley FC,Brentford FC,0:0,12,0,0,unknown,,,[],[]
149,09/10/2004,Torquay United,Huddersfield Town,2:1,12,2,1,unknown,,,[],[]
150,09/10/2004,Walsall FC,Colchester United,2:1,12,2,1,unknown,,,[],[]
151,10/10/2004,Hull City,Chesterfield FC,1:0,12,1,0,unknown,,,[],[]
152,10/10/2004,Oldham Athletic,Blackpool FC,1:2,12,1,2,unknown,,,[],[]
153,26/10/2004,Wrexham AFC,Peterborough United,1:1,12,1,1,unknown,,,[],[]
154,27/10/2004,Swindon Town,Sheffield Wednesday,3:2,12,3,2,unknown,,,[],[]
155,09/11/2004,Bristol City,Tranmere Rovers,4:0,12,4,0,unknown,,,[],[]
157,16/10/2004,AFC Bournemouth,Port Vale FC,4:0,13,4,0,unknown,,,[],[]
158,16/10/2004,Blackpool FC,Colchester United,1:1,13,1,1,unknown,,,[],[]
159,16/10/2004,Bristol City,Hull City,3:1,13,3,1,unknown,,,[],[]
160,16/10/2004,Doncaster Rovers,Torquay United,2:2,13,2,2,unknown,,,[],[]
161,16/10/2004,Hartlepool United,Chesterfield FC,3:2,13,3,2,unknown,,,[],[]
162,16/10/2004,Luton Town,Huddersfield Town,1:2,13,1,2,unknown,,,[],[]
163,16/10/2004,Milton Keynes Dons,Brentford FC,0:0,13,0,0,unknown,,,[],[]
164,16/10/2004,Stockport County,Peterborough United,1:0,13,1,0,unknown,,,[],[]
165,16/10/2004,Swindon Town,Oldham Athletic,1:0,13,1,0,unknown,,,[],[]
166,16/10/2004,Tranmere Rovers,Bradford City,4:5,13,4,5,unknown,,,[],[]
167,16/10/2004,Wrexham AFC,Walsall FC,1:1,13,1,1,unknown,,,[],[]
168,17/10/2004,Sheffield Wednesday,Barnsley FC,1:0,13,1,0,unknown,,,[],[]
170,19/10/2004,Bradford City,Blackpool FC,2:1,14,2,1,unknown,,,[],[]
171,19/10/2004,Brentford FC,Hartlepool United,2:1,14,2,1,unknown,,,[],[]
172,19/10/2004,Colchester United,Wrexham AFC,1:2,14,1,2,unknown,,,[],[]
173,19/10/2004,Huddersfield Town,Tranmere Rovers,1:3,14,1,3,unknown,,,[],[]
174,19/10/2004,Oldham Athletic,Bristol City,0:0,14,0,0,unknown,,,[],[]
175,19/10/2004,Peterborough United,Sheffield Wednesday,1:1,14,1,1,unknown,,,[],[]
176,19/10/2004,Port Vale FC,Swindon Town,1:0,14,1,0,unknown,,,[],[]
177,19/10/2004,Torquay United,AFC Bournemouth,1:2,14,1,2,unknown,,,[],[]
178,19/10/2004,Walsall FC,Luton Town,2:0,14,2,0,unknown,,,[],[]
179,20/10/2004,Chesterfield FC,Stockport County,4:0,14,4,0,unknown,,,[],[]
180,20/10/2004,Barnsley FC,Doncaster Rovers,1:3,14,1,3,unknown,,,[],[]
181,20/10/2004,Hull City,Milton Keynes Dons,3:2,14,3,2,unknown,,,[],[]
183,23/10/2004,Barnsley FC,Swindon Town,2:2,15,2,2,unknown,,,[],[]
184,23/10/2004,Bradford City,Sheffield Wednesday,3:1,15,3,1,unknown,,,[],[]
185,23/10/2004,Brentford FC,Blackpool FC,0:3,15,0,3,unknown,,,[],[]
186,23/10/2004,Chesterfield FC,Doncaster Rovers,0:0,15,0,0,unknown,,,[],[]
187,23/10/2004,Colchester United,Tranmere Rovers,1:2,15,1,2,unknown,,,[],[]
188,23/10/2004,Huddersfield Town,Milton Keynes Dons,3:1,15,3,1,unknown,,,[],[]
189,23/10/2004,Hull City,Luton Town,3:0,15,3,0,unknown,,,[],[]
190,23/10/2004,Oldham Athletic,AFC Bournemouth,1:2,15,1,2,unknown,,,[],[]
191,23/10/2004,Peterborough United,Hartlepool United,3:0,15,3,0,unknown,,,[],[]
192,23/10/2004,Port Vale FC,Stockport County,0:0,15,0,0,unknown,,,[],[]
193,23/10/2004,Walsall FC,Bristol City,1:2,15,1,2,unknown,,,[],[]
194,23/11/2004,Torquay United,Wrexham AFC,1:0,15,1,0,unknown,,,[],[]
196,30/10/2004,AFC Bournemouth,Barnsley FC,1:3,16,1,3,unknown,,,[],[]
197,30/10/2004,Blackpool FC,Huddersfield Town,1:1,16,1,1,unknown,,,[],[]
198,30/10/2004,Bristol City,Colchester United,0:0,16,0,0,unknown,,,[],[]
199,30/10/2004,Doncaster Rovers,Peterborough United,2:1,16,2,1,unknown,,,[],[]
200,30/10/2004,Hartlepool United,Port Vale FC,1:0,16,1,0,unknown,,,[],[]
201,30/10/2004,Luton Town,Bradford City,4:0,16,4,0,unknown,,,[],[]
202,30/10/2004,Milton Keynes Dons,Walsall FC,1:1,16,1,1,unknown,,,[],[]
203,30/10/2004,Sheffield Wednesday,Chesterfield FC,2:2,16,2,2,unknown,,,[],[]
204,30/10/2004,Stockport County,Oldham Athletic,1:2,16,1,2,unknown,,,[],[]
205,30/10/2004,Swindon Town,Torquay United,3:3,16,3,3,unknown,,,[],[]
206,30/10/2004,Tranmere Rovers,Brentford FC,1:0,16,1,0,unknown,,,[],[]
207,30/10/2004,Wrexham AFC,Hull City,2:2,16,2,2,unknown,,,[],[]
209,06/11/2004,Barnsley FC,Port Vale FC,1:2,17,1,2,unknown,,,[],[]
210,06/11/2004,Bradford City,Colchester United,2:2,17,2,2,unknown,,,[],[]
211,06/11/2004,Bristol City,Milton Keynes Dons,4:1,17,4,1,unknown,,,[],[]
212,06/11/2004,Chesterfield FC,Blackpool FC,1:0,17,1,0,unknown,,,[],[]
213,06/11/2004,Hartlepool United,Doncaster Rovers,2:1,17,2,1,unknown,,,[],[]
214,06/11/2004,Hull City,Walsall FC,3:1,17,3,1,unknown,,,[],[]
215,06/11/2004,Luton Town,Wrexham AFC,5:1,17,5,1,unknown,,,[],[]
216,06/11/2004,Peterborough United,AFC Bournemouth,0:1,17,0,1,unknown,,,[],[]
217,06/11/2004,Stockport County,Sheffield Wednesday,0:3,17,0,3,unknown,,,[],[]
218,06/11/2004,Torquay United,Oldham Athletic,2:0,17,2,0,unknown,,,[],[]
219,06/11/2004,Tranmere Rovers,Swindon Town,2:1,17,2,1,unknown,,,[],[]
220,07/11/2004,Huddersfield Town,Brentford FC,1:1,17,1,1,unknown,,,[],[]
222,20/11/2004,Milton Keynes Dons,Luton Town,1:4,18,1,4,unknown,,,[],[]
223,20/11/2004,AFC Bournemouth,Chesterfield FC,0:0,18,0,0,unknown,,,[],[]
224,20/11/2004,Blackpool FC,Tranmere Rovers,0:1,18,0,1,unknown,,,[],[]
225,20/11/2004,Brentford FC,Bradford City,1:2,18,1,2,unknown,,,[],[]
226,20/11/2004,Colchester United,Huddersfield Town,0:0,18,0,0,unknown,,,[],[]
227,20/11/2004,Doncaster Rovers,Stockport County,3:1,18,3,1,unknown,,,[],[]
228,20/11/2004,Oldham Athletic,Barnsley FC,3:2,18,3,2,unknown,,,[],[]
229,20/11/2004,Port Vale FC,Torquay United,1:2,18,1,2,unknown,,,[],[]
230,20/11/2004,Sheffield Wednesday,Hartlepool United,2:0,18,2,0,unknown,,,[],[]
231,20/11/2004,Swindon Town,Hull City,4:2,18,4,2,unknown,,,[],[]
232,20/11/2004,Walsall FC,Peterborough United,2:1,18,2,1,unknown,,,[],[]
233,20/11/2004,Wrexham AFC,Bristol City,1:3,18,1,3,unknown,,,[],[]
235,27/11/2004,Barnsley FC,Blackpool FC,1:0,19,1,0,unknown,,,[],[]
236,27/11/2004,Bradford City,Oldham Athletic,1:3,19,1,3,unknown,,,[],[]
237,27/11/2004,Bristol City,Sheffield Wednesday,1:4,19,1,4,unknown,,,[],[]
238,27/11/2004,Chesterfield FC,Swindon Town,1:0,19,1,0,unknown,,,[],[]
239,27/11/2004,Hartlepool United,AFC Bournemouth,3:2,19,3,2,unknown,,,[],[]
240,27/11/2004,Huddersfield Town,Wrexham AFC,1:2,19,1,2,unknown,,,[],[]
241,27/11/2004,Hull City,Brentford FC,2:0,19,2,0,unknown,,,[],[]
242,27/11/2004,Luton Town,Doncaster Rovers,1:1,19,1,1,unknown,,,[],[]
243,27/11/2004,Peterborough United,Port Vale FC,4:0,19,4,0,unknown,,,[],[]
244,27/11/2004,Stockport County,Walsall FC,0:1,19,0,1,unknown,,,[],[]
245,27/11/2004,Torquay United,Colchester United,1:3,19,1,3,unknown,,,[],[]
246,27/11/2004,Tranmere Rovers,Milton Keynes Dons,2:0,19,2,0,unknown,,,[],[]
248,07/12/2004,AFC Bournemouth,Bradford City,2:0,20,2,0,unknown,,,[],[]
249,07/12/2004,Wrexham AFC,Stockport County,2:1,20,2,1,unknown,,,[],[]
250,07/12/2004,Blackpool FC,Torquay United,4:0,20,4,0,unknown,,,[],[]
251,07/12/2004,Brentford FC,Luton Town,2:0,20,2,0,unknown,,,[],[]
252,07/12/2004,Colchester United,Barnsley FC,0:2,20,0,2,unknown,,,[],[]
253,07/12/2004,Doncaster Rovers,Bristol City,1:1,20,1,1,unknown,,,[],[]
254,07/12/2004,Milton Keynes Dons,Peterborough United,1:1,20,1,1,unknown,,,[],[]
255,07/12/2004,Oldham Athletic,Chesterfield FC,4:1,20,4,1,unknown,,,[],[]
256,07/12/2004,Port Vale FC,Tranmere Rovers,3:1,20,3,1,unknown,,,[],[]
257,07/12/2004,Walsall FC,Hartlepool United,2:1,20,2,1,unknown,,,[],[]
258,08/12/2004,Sheffield Wednesday,Hull City,2:4,20,2,4,unknown,,,[],[]
259,08/12/2004,Swindon Town,Huddersfield Town,1:2,20,1,2,unknown,,,[],[]
261,10/12/2004,Tranmere Rovers,AFC Bournemouth,2:0,21,2,0,unknown,,,[],[]
262,11/12/2004,Blackpool FC,Bristol City,1:1,21,1,1,unknown,,,[],[]
263,11/12/2004,Bradford City,Walsall FC,1:1,21,1,1,unknown,,,[],[]
264,11/12/2004,Colchester United,Hull City,1:2,21,1,2,unknown,,,[],[]
265,11/12/2004,Hartlepool United,Stockport County,3:1,21,3,1,unknown,,,[],[]
266,11/12/2004,Luton Town,Port Vale FC,1:0,21,1,0,unknown,,,[],[]
267,11/12/2004,Milton Keynes Dons,Wrexham AFC,3:0,21,3,0,unknown,,,[],[]
268,11/12/2004,Oldham Athletic,Huddersfield Town,2:1,21,2,1,unknown,,,[],[]
269,11/12/2004,Peterborough United,Chesterfield FC,1:2,21,1,2,unknown,,,[],[]
270,11/12/2004,Sheffield Wednesday,Brentford FC,1:2,21,1,2,unknown,,,[],[]
271,11/12/2004,Swindon Town,Doncaster Rovers,1:1,21,1,1,unknown,,,[],[]
272,11/12/2004,Torquay United,Barnsley FC,0:1,21,0,1,unknown,,,[],[]
274,18/12/2004,Huddersfield Town,Bradford City,0:1,22,0,1,unknown,,,[],[]
275,18/12/2004,AFC Bournemouth,Swindon Town,2:1,22,2,1,unknown,,,[],[]
276,18/12/2004,Barnsley FC,Peterborough United,4:0,22,4,0,unknown,,,[],[]
277,18/12/2004,Brentford FC,Colchester United,1:0,22,1,0,unknown,,,[],[]
278,18/12/2004,Bristol City,Luton Town,1:2,22,1,2,unknown,,,[],[]
279,18/12/2004,Chesterfield FC,Torquay United,1:1,22,1,1,unknown,,,[],[]
280,18/12/2004,Hull City,Tranmere Rovers,6:1,22,6,1,unknown,,,[],[]
281,18/12/2004,Port Vale FC,Oldham Athletic,3:1,22,3,1,unknown,,,[],[]
282,18/12/2004,Stockport County,Milton Keynes Dons,3:1,22,3,1,unknown,,,[],[]
283,18/12/2004,Walsall FC,Blackpool FC,3:2,22,3,2,unknown,,,[],[]
284,18/12/2004,Wrexham AFC,Hartlepool United,1:5,22,1,5,unknown,,,[],[]
285,19/12/2004,Doncaster Rovers,Sheffield Wednesday,0:4,22,0,4,unknown,,,[],[]
287,15/12/2004,Colchester United,AFC Bournemouth,3:1,23,3,1,unknown,,,[],[]
288,26/12/2004,Brentford FC,Torquay United,1:3,23,1,3,unknown,,,[],[]
289,26/12/2004,Blackpool FC,Hull City,0:2,23,0,2,unknown,,,[],[]
290,26/12/2004,Bradford City,Wrexham AFC,1:1,23,1,1,unknown,,,[],[]
291,26/12/2004,Chesterfield FC,Luton Town,0:1,23,0,1,unknown,,,[],[]
292,26/12/2004,Doncaster Rovers,Milton Keynes Dons,3:0,23,3,0,unknown,,,[],[]
293,26/12/2004,Hartlepool United,Oldham Athletic,2:1,23,2,1,unknown,,,[],[]
294,26/12/2004,Huddersfield Town,Port Vale FC,2:1,23,2,1,unknown,,,[],[]
295,26/12/2004,Peterborough United,Swindon Town,0:2,23,0,2,unknown,,,[],[]
296,26/12/2004,Sheffield Wednesday,Walsall FC,3:2,23,3,2,unknown,,,[],[]
297,26/12/2004,Stockport County,Bristol City,1:2,23,1,2,unknown,,,[],[]
298,26/12/2004,Tranmere Rovers,Barnsley FC,1:1,23,1,1,unknown,,,[],[]
300,28/12/2004,AFC Bournemouth,Huddersfield Town,2:2,24,2,2,unknown,,,[],[]
301,28/12/2004,Barnsley FC,Stockport County,3:3,24,3,3,unknown,,,[],[]
302,28/12/2004,Bristol City,Hartlepool United,0:0,24,0,0,unknown,,,[],[]
303,28/12/2004,Luton Town,Colchester United,2:2,24,2,2,unknown,,,[],[]
304,28/12/2004,Milton Keynes Dons,Blackpool FC,3:1,24,3,1,unknown,,,[],[]
305,28/12/2004,Oldham Athletic,Peterborough United,2:1,24,2,1,unknown,,,[],[]
306,28/12/2004,Port Vale FC,Sheffield Wednesday,0:2,24,0,2,unknown,,,[],[]
307,28/12/2004,Swindon Town,Brentford FC,3:0,24,3,0,unknown,,,[],[]
308,28/12/2004,Torquay United,Bradford City,0:0,24,0,0,unknown,,,[],[]
309,28/12/2004,Walsall FC,Tranmere Rovers,0:2,24,0,2,unknown,,,[],[]
310,28/12/2004,Wrexham AFC,Chesterfield FC,3:1,24,3,1,unknown,,,[],[]
311,29/12/2004,Hull City,Doncaster Rovers,2:1,24,2,1,unknown,,,[],[]
313,01/01/2005,AFC Bournemouth,Brentford FC,3:2,25,3,2,unknown,,,[],[]
314,01/01/2005,Barnsley FC,Hartlepool United,0:0,25,0,0,unknown,,,[],[]
315,01/01/2005,Bristol City,Peterborough United,2:0,25,2,0,unknown,,,[],[]
316,01/01/2005,Hull City,Huddersfield Town,2:1,25,2,1,unknown,,,[],[]
317,01/01/2005,Luton Town,Sheffield Wednesday,1:1,25,1,1,unknown,,,[],[]
318,01/01/2005,Milton Keynes Dons,Chesterfield FC,1:1,25,1,1,unknown,,,[],[]
319,01/01/2005,Oldham Athletic,Tranmere Rovers,2:2,25,2,2,unknown,,,[],[]
320,01/01/2005,Port Vale FC,Bradford City,0:1,25,0,1,unknown,,,[],[]
321,01/01/2005,Swindon Town,Colchester United,0:3,25,0,3,unknown,,,[],[]
322,01/01/2005,Torquay United,Stockport County,1:2,25,1,2,unknown,,,[],[]
323,01/01/2005,Walsall FC,Doncaster Rovers,1:1,25,1,1,unknown,,,[],[]
324,01/01/2005,Wrexham AFC,Blackpool FC,1:2,25,1,2,unknown,,,[],[]
326,03/01/2005,Chesterfield FC,Barnsley FC,2:2,26,2,2,unknown,,,[],[]
327,03/01/2005,Blackpool FC,Port Vale FC,0:2,26,0,2,unknown,,,[],[]
328,03/01/2005,Bradford City,Swindon Town,1:2,26,1,2,unknown,,,[],[]
329,03/01/2005,Brentford FC,Walsall FC,1:0,26,1,0,unknown,,,[],[]
330,03/01/2005,Colchester United,Oldham Athletic,0:0,26,0,0,unknown,,,[],[]
331,03/01/2005,Doncaster Rovers,AFC Bournemouth,1:1,26,1,1,unknown,,,[],[]
332,03/01/2005,Hartlepool United,Milton Keynes Dons,5:0,26,5,0,unknown,,,[],[]
333,03/01/2005,Huddersfield Town,Bristol City,2:2,26,2,2,unknown,,,[],[]
334,03/01/2005,Peterborough United,Luton Town,2:2,26,2,2,unknown,,,[],[]
335,03/01/2005,Sheffield Wednesday,Wrexham AFC,4:0,26,4,0,unknown,,,[],[]
336,03/01/2005,Stockport County,Hull City,1:3,26,1,3,unknown,,,[],[]
337,03/01/2005,Tranmere Rovers,Torquay United,4:1,26,4,1,unknown,,,[],[]
339,08/01/2005,Sheffield Wednesday,Swindon Town,2:0,27,2,0,unknown,,,[],[]
340,08/01/2005,Doncaster Rovers,Port Vale FC,2:0,27,2,0,unknown,,,[],[]
341,08/01/2005,Huddersfield Town,Torquay United,1:1,27,1,1,unknown,,,[],[]
342,10/01/2005,Tranmere Rovers,Bristol City,0:1,27,0,1,unknown,,,[],[]
343,11/01/2005,Peterborough United,Wrexham AFC,2:2,27,2,2,unknown,,,[],[]
344,25/01/2005,Brentford FC,Barnsley FC,1:1,27,1,1,unknown,,,[],[]
345,25/01/2005,Colchester United,Walsall FC,5:0,27,5,0,unknown,,,[],[]
346,01/02/2005,Chesterfield FC,Hull City,1:1,27,1,1,unknown,,,[],[]
347,01/02/2005,Stockport County,AFC Bournemouth,2:2,27,2,2,unknown,,,[],[]
348,08/02/2005,Blackpool FC,Oldham Athletic,2:0,27,2,0,unknown,,,[],[]
349,08/02/2005,Bradford City,Milton Keynes Dons,1:4,27,1,4,unknown,,,[],[]
350,15/02/2005,Hartlepool United,Luton Town,2:3,27,2,3,unknown,,,[],[]
352,15/01/2005,AFC Bournemouth,Sheffield Wednesday,1:1,28,1,1,unknown,,,[],[]
353,15/01/2005,Barnsley FC,Huddersfield Town,4:2,28,4,2,unknown,,,[],[]
354,15/01/2005,Bristol City,Bradford City,0:0,28,0,0,unknown,,,[],[]
355,15/01/2005,Hull City,Peterborough United,2:2,28,2,2,unknown,,,[],[]
356,15/01/2005,Luton Town,Stockport County,3:0,28,3,0,unknown,,,[],[]
357,15/01/2005,Milton Keynes Dons,Colchester United,2:0,28,2,0,unknown,,,[],[]
358,15/01/2005,Oldham Athletic,Doncaster Rovers,1:2,28,1,2,unknown,,,[],[]
359,15/01/2005,Port Vale FC,Brentford FC,0:1,28,0,1,unknown,,,[],[]
360,15/01/2005,Swindon Town,Blackpool FC,2:2,28,2,2,unknown,,,[],[]
361,15/01/2005,Torquay United,Hartlepool United,1:2,28,1,2,unknown,,,[],[]
362,15/01/2005,Walsall FC,Chesterfield FC,3:0,28,3,0,unknown,,,[],[]
363,15/01/2005,Wrexham AFC,Tranmere Rovers,1:5,28,1,5,unknown,,,[],[]
365,21/01/2005,Sheffield Wednesday,Port Vale FC,1:0,29,1,0,unknown,,,[],[]
366,22/01/2005,Blackpool FC,Milton Keynes Dons,1:0,29,1,0,unknown,,,[],[]
367,22/01/2005,Bradford City,Torquay United,2:2,29,2,2,unknown,,,[],[]
368,22/01/2005,Brentford FC,Swindon Town,2:1,29,2,1,unknown,,,[],[]
369,22/01/2005,Chesterfield FC,Wrexham AFC,2:4,29,2,4,unknown,,,[],[]
370,22/01/2005,Colchester United,Luton Town,0:0,29,0,0,unknown,,,[],[]
371,22/01/2005,Doncaster Rovers,Hull City,1:0,29,1,0,unknown,,,[],[]
372,22/01/2005,Hartlepool United,Bristol City,2:1,29,2,1,unknown,,,[],[]
373,22/01/2005,Huddersfield Town,AFC Bournemouth,3:2,29,3,2,unknown,,,[],[]
374,22/01/2005,Peterborough United,Oldham Athletic,1:2,29,1,2,unknown,,,[],[]
375,22/01/2005,Stockport County,Barnsley FC,2:2,29,2,2,unknown,,,[],[]
376,22/01/2005,Tranmere Rovers,Walsall FC,2:1,29,2,1,unknown,,,[],[]
378,28/01/2005,Bristol City,Chesterfield FC,2:3,30,2,3,unknown,,,[],[]
379,29/01/2005,Walsall FC,Huddersfield Town,4:3,30,4,3,unknown,,,[],[]
380,29/01/2005,Wrexham AFC,Doncaster Rovers,0:0,30,0,0,unknown,,,[],[]
381,29/01/2005,Luton Town,Tranmere Rovers,1:1,30,1,1,unknown,,,[],[]
382,29/01/2005,Milton Keynes Dons,Sheffield Wednesday,2:2,30,2,2,unknown,,,[],[]
383,29/01/2005,Swindon Town,Stockport County,3:0,30,3,0,unknown,,,[],[]
384,31/01/2005,Barnsley FC,Bradford City,2:2,30,2,2,unknown,,,[],[]
385,15/02/2005,Torquay United,Peterborough United,2:1,30,2,1,unknown,,,[],[]
386,08/03/2005,AFC Bournemouth,Blackpool FC,2:3,30,2,3,unknown,,,[],[]
387,08/03/2005,Hull City,Hartlepool United,1:0,30,1,0,unknown,,,[],[]
388,08/03/2005,Port Vale FC,Colchester United,0:0,30,0,0,unknown,,,[],[]
389,15/03/2005,Oldham Athletic,Brentford FC,0:2,30,0,2,unknown,,,[],[]
391,05/02/2005,Barnsley FC,Sheffield Wednesday,0:0,31,0,0,unknown,,,[],[]
392,05/02/2005,Bradford City,Tranmere Rovers,1:1,31,1,1,unknown,,,[],[]
393,05/02/2005,Brentford FC,Milton Keynes Dons,1:0,31,1,0,unknown,,,[],[]
394,05/02/2005,Chesterfield FC,Hartlepool United,0:1,31,0,1,unknown,,,[],[]
395,05/02/2005,Colchester United,Blackpool FC,0:1,31,0,1,unknown,,,[],[]
396,05/02/2005,Huddersfield Town,Luton Town,1:1,31,1,1,unknown,,,[],[]
397,05/02/2005,Hull City,Bristol City,1:1,31,1,1,unknown,,,[],[]
398,05/02/2005,Oldham Athletic,Swindon Town,1:2,31,1,2,unknown,,,[],[]
399,05/02/2005,Peterborough United,Stockport County,2:1,31,2,1,unknown,,,[],[]
400,05/02/2005,Port Vale FC,AFC Bournemouth,2:1,31,2,1,unknown,,,[],[]
401,05/02/2005,Torquay United,Doncaster Rovers,2:1,31,2,1,unknown,,,[],[]
402,05/02/2005,Walsall FC,Wrexham AFC,2:2,31,2,2,unknown,,,[],[]
404,11/02/2005,Bristol City,Walsall FC,0:1,32,0,1,unknown,,,[],[]
405,12/02/2005,AFC Bournemouth,Oldham Athletic,4:0,32,4,0,unknown,,,[],[]
406,12/02/2005,Doncaster Rovers,Chesterfield FC,0:1,32,0,1,unknown,,,[],[]
407,12/02/2005,Luton Town,Hull City,1:0,32,1,0,unknown,,,[],[]
408,12/02/2005,Milton Keynes Dons,Huddersfield Town,2:1,32,2,1,unknown,,,[],[]
409,12/02/2005,Sheffield Wednesday,Bradford City,1:2,32,1,2,unknown,,,[],[]
410,12/02/2005,Stockport County,Port Vale FC,1:2,32,1,2,unknown,,,[],[]
411,12/02/2005,Swindon Town,Barnsley FC,2:1,32,2,1,unknown,,,[],[]
412,12/02/2005,Tranmere Rovers,Colchester United,1:1,32,1,1,unknown,,,[],[]
413,12/02/2005,Wrexham AFC,Torquay United,1:1,32,1,1,unknown,,,[],[]
414,22/03/2005,Blackpool FC,Brentford FC,2:1,32,2,1,unknown,,,[],[]
415,05/04/2005,Hartlepool United,Peterborough United,2:2,32,2,2,unknown,,,[],[]
417,19/02/2005,Barnsley FC,AFC Bournemouth,0:1,33,0,1,unknown,,,[],[]
418,19/02/2005,Bradford City,Luton Town,0:1,33,0,1,unknown,,,[],[]
419,19/02/2005,Chesterfield FC,Sheffield Wednesday,1:3,33,1,3,unknown,,,[],[]
420,19/02/2005,Colchester United,Bristol City,0:2,33,0,2,unknown,,,[],[]
421,19/02/2005,Huddersfield Town,Blackpool FC,1:0,33,1,0,unknown,,,[],[]
422,19/02/2005,Hull City,Wrexham AFC,2:1,33,2,1,unknown,,,[],[]
423,19/02/2005,Oldham Athletic,Stockport County,1:2,33,1,2,unknown,,,[],[]
424,19/02/2005,Peterborough United,Doncaster Rovers,0:2,33,0,2,unknown,,,[],[]
425,19/02/2005,Port Vale FC,Hartlepool United,0:1,33,0,1,unknown,,,[],[]
426,19/02/2005,Torquay United,Swindon Town,2:2,33,2,2,unknown,,,[],[]
427,19/02/2005,Walsall FC,Milton Keynes Dons,0:0,33,0,0,unknown,,,[],[]
428,12/04/2005,Brentford FC,Tranmere Rovers,1:0,33,1,0,unknown,,,[],[]
430,22/02/2005,AFC Bournemouth,Torquay United,3:0,34,3,0,unknown,,,[],[]
431,22/02/2005,Blackpool FC,Bradford City,2:1,34,2,1,unknown,,,[],[]
432,22/02/2005,Bristol City,Oldham Athletic,5:1,34,5,1,unknown,,,[],[]
433,22/02/2005,Doncaster Rovers,Barnsley FC,4:0,34,4,0,unknown,,,[],[]
434,22/02/2005,Hartlepool United,Brentford FC,3:1,34,3,1,unknown,,,[],[]
435,22/02/2005,Luton Town,Walsall FC,1:0,34,1,0,unknown,,,[],[]
436,22/02/2005,Milton Keynes Dons,Hull City,1:1,34,1,1,unknown,,,[],[]
437,22/02/2005,Stockport County,Chesterfield FC,1:2,34,1,2,unknown,,,[],[]
438,22/02/2005,Tranmere Rovers,Huddersfield Town,3:0,34,3,0,unknown,,,[],[]
439,22/02/2005,Wrexham AFC,Colchester United,2:2,34,2,2,unknown,,,[],[]
440,23/02/2005,Sheffield Wednesday,Peterborough United,2:1,34,2,1,unknown,,,[],[]
441,23/02/2005,Swindon Town,Port Vale FC,1:0,34,1,0,unknown,,,[],[]
443,26/02/2005,AFC Bournemouth,Tranmere Rovers,1:1,35,1,1,unknown,,,[],[]
444,26/02/2005,Barnsley FC,Torquay United,4:1,35,4,1,unknown,,,[],[]
445,26/02/2005,Brentford FC,Sheffield Wednesday,3:3,35,3,3,unknown,,,[],[]
446,26/02/2005,Bristol City,Blackpool FC,1:1,35,1,1,unknown,,,[],[]
447,26/02/2005,Chesterfield FC,Peterborough United,1:3,35,1,3,unknown,,,[],[]
448,26/02/2005,Doncaster Rovers,Swindon Town,1:1,35,1,1,unknown,,,[],[]
449,26/02/2005,Huddersfield Town,Oldham Athletic,2:1,35,2,1,unknown,,,[],[]
450,26/02/2005,Hull City,Colchester United,2:0,35,2,0,unknown,,,[],[]
451,26/02/2005,Port Vale FC,Luton Town,3:1,35,3,1,unknown,,,[],[]
452,26/02/2005,Stockport County,Hartlepool United,1:0,35,1,0,unknown,,,[],[]
453,26/02/2005,Walsall FC,Bradford City,1:1,35,1,1,unknown,,,[],[]
454,26/02/2005,Wrexham AFC,Milton Keynes Dons,0:0,35,0,0,unknown,,,[],[]
456,05/03/2005,Blackpool FC,Walsall FC,2:0,36,2,0,unknown,,,[],[]
457,05/03/2005,Bradford City,Huddersfield Town,2:0,36,2,0,unknown,,,[],[]
458,05/03/2005,Colchester United,Brentford FC,0:1,36,0,1,unknown,,,[],[]
459,05/03/2005,Hartlepool United,Wrexham AFC,4:6,36,4,6,unknown,,,[],[]
460,05/03/2005,Luton Town,Bristol City,5:0,36,5,0,unknown,,,[],[]
461,05/03/2005,Milton Keynes Dons,Stockport County,2:1,36,2,1,unknown,,,[],[]
462,05/03/2005,Oldham Athletic,Port Vale FC,3:0,36,3,0,unknown,,,[],[]
463,05/03/2005,Peterborough United,Barnsley FC,1:3,36,1,3,unknown,,,[],[]
464,05/03/2005,Swindon Town,AFC Bournemouth,0:3,36,0,3,unknown,,,[],[]
465,05/03/2005,Torquay United,Chesterfield FC,2:2,36,2,2,unknown,,,[],[]
466,05/03/2005,Tranmere Rovers,Hull City,1:3,36,1,3,unknown,,,[],[]
467,06/03/2005,Sheffield Wednesday,Doncaster Rovers,2:0,36,2,0,unknown,,,[],[]
469,12/03/2005,Bristol City,Barnsley FC,0:0,37,0,0,unknown,,,[],[]
470,12/03/2005,Chesterfield FC,Huddersfield Town,2:1,37,2,1,unknown,,,[],[]
471,12/03/2005,Doncaster Rovers,Brentford FC,0:0,37,0,0,unknown,,,[],[]
472,12/03/2005,Hartlepool United,Tranmere Rovers,0:1,37,0,1,unknown,,,[],[]
473,12/03/2005,Hull City,Torquay United,2:0,37,2,0,unknown,,,[],[]
474,12/03/2005,Luton Town,Swindon Town,3:1,37,3,1,unknown,,,[],[]
475,12/03/2005,Milton Keynes Dons,Port Vale FC,1:1,37,1,1,unknown,,,[],[]
476,12/03/2005,Peterborough United,Bradford City,2:2,37,2,2,unknown,,,[],[]
477,12/03/2005,Sheffield Wednesday,Blackpool FC,3:2,37,3,2,unknown,,,[],[]
478,12/03/2005,Stockport County,Colchester United,1:2,37,1,2,unknown,,,[],[]
479,12/03/2005,Walsall FC,AFC Bournemouth,1:2,37,1,2,unknown,,,[],[]
480,12/03/2005,Wrexham AFC,Oldham Athletic,1:0,37,1,0,unknown,,,[],[]
482,18/03/2005,Tranmere Rovers,Peterborough United,5:0,38,5,0,unknown,,,[],[]
483,19/03/2005,AFC Bournemouth,Hull City,0:4,38,0,4,unknown,,,[],[]
484,19/03/2005,Barnsley FC,Milton Keynes Dons,1:1,38,1,1,unknown,,,[],[]
485,19/03/2005,Blackpool FC,Doncaster Rovers,1:1,38,1,1,unknown,,,[],[]
486,19/03/2005,Bradford City,Hartlepool United,1:2,38,1,2,unknown,,,[],[]
487,19/03/2005,Brentford FC,Chesterfield FC,2:2,38,2,2,unknown,,,[],[]
488,19/03/2005,Colchester United,Sheffield Wednesday,1:1,38,1,1,unknown,,,[],[]
489,19/03/2005,Huddersfield Town,Stockport County,5:3,38,5,3,unknown,,,[],[]
490,19/03/2005,Oldham Athletic,Luton Town,2:2,38,2,2,unknown,,,[],[]
491,19/03/2005,Port Vale FC,Walsall FC,2:0,38,2,0,unknown,,,[],[]
492,19/03/2005,Swindon Town,Wrexham AFC,4:2,38,4,2,unknown,,,[],[]
493,19/03/2005,Torquay United,Bristol City,0:4,38,0,4,unknown,,,[],[]
495,24/03/2005,Doncaster Rovers,Bradford City,1:1,39,1,1,unknown,,,[],[]
496,25/03/2005,Luton Town,Barnsley FC,1:3,39,1,3,unknown,,,[],[]
497,25/03/2005,Milton Keynes Dons,Swindon Town,1:1,39,1,1,unknown,,,[],[]
498,25/03/2005,Peterborough United,Colchester United,0:3,39,0,3,unknown,,,[],[]
499,25/03/2005,Hartlepool United,Huddersfield Town,0:1,39,0,1,unknown,,,[],[]
500,26/03/2005,Walsall FC,Oldham Athletic,0:1,39,0,1,unknown,,,[],[]
501,26/03/2005,Chesterfield FC,Tranmere Rovers,2:2,39,2,2,unknown,,,[],[]
502,26/03/2005,Hull City,Port Vale FC,2:2,39,2,2,unknown,,,[],[]
503,26/03/2005,Sheffield Wednesday,Torquay United,2:2,39,2,2,unknown,,,[],[]
504,05/04/2005,Bristol City,AFC Bournemouth,0:2,39,0,2,unknown,,,[],[]
505,12/04/2005,Stockport County,Blackpool FC,0:1,39,0,1,unknown,,,[],[]
506,03/05/2005,Wrexham AFC,Brentford FC,1:2,39,1,2,unknown,,,[],[]
508,28/03/2005,AFC Bournemouth,Milton Keynes Dons,0:1,40,0,1,unknown,,,[],[]
509,28/03/2005,Torquay United,Luton Town,1:4,40,1,4,unknown,,,[],[]
510,28/03/2005,Tranmere Rovers,Doncaster Rovers,2:4,40,2,4,unknown,,,[],[]
511,28/03/2005,Barnsley FC,Walsall FC,3:2,40,3,2,unknown,,,[],[]
512,28/03/2005,Blackpool FC,Hartlepool United,2:2,40,2,2,unknown,,,[],[]
513,28/03/2005,Bradford City,Stockport County,3:1,40,3,1,unknown,,,[],[]
514,28/03/2005,Brentford FC,Peterborough United,0:0,40,0,0,unknown,,,[],[]
515,28/03/2005,Colchester United,Chesterfield FC,1:0,40,1,0,unknown,,,[],[]
516,28/03/2005,Oldham Athletic,Hull City,1:0,40,1,0,unknown,,,[],[]
517,29/03/2005,Huddersfield Town,Sheffield Wednesday,1:0,40,1,0,unknown,,,[],[]
518,13/04/2005,Swindon Town,Bristol City,0:0,40,0,0,unknown,,,[],[]
519,26/04/2005,Port Vale FC,Wrexham AFC,0:2,40,0,2,unknown,,,[],[]
521,01/04/2005,Doncaster Rovers,Colchester United,1:1,41,1,1,unknown,,,[],[]
522,02/04/2005,Bristol City,Port Vale FC,2:0,41,2,0,unknown,,,[],[]
523,02/04/2005,Chesterfield FC,Bradford City,0:0,41,0,0,unknown,,,[],[]
524,02/04/2005,Hartlepool United,Swindon Town,3:0,41,3,0,unknown,,,[],[]
525,02/04/2005,Hull City,Barnsley FC,2:1,41,2,1,unknown,,,[],[]
526,02/04/2005,Luton Town,Blackpool FC,1:0,41,1,0,unknown,,,[],[]
527,02/04/2005,Milton Keynes Dons,Oldham Athletic,1:1,41,1,1,unknown,,,[],[]
528,02/04/2005,Peterborough United,Huddersfield Town,1:2,41,1,2,unknown,,,[],[]
529,02/04/2005,Sheffield Wednesday,Tranmere Rovers,1:2,41,1,2,unknown,,,[],[]
530,02/04/2005,Stockport County,Brentford FC,1:2,41,1,2,unknown,,,[],[]
531,02/04/2005,Walsall FC,Torquay United,1:1,41,1,1,unknown,,,[],[]
532,02/04/2005,Wrexham AFC,AFC Bournemouth,1:2,41,1,2,unknown,,,[],[]
534,05/04/2005,Barnsley FC,Wrexham AFC,2:2,42,2,2,unknown,,,[],[]
535,08/04/2005,Tranmere Rovers,Stockport County,1:0,42,1,0,unknown,,,[],[]
536,09/04/2005,AFC Bournemouth,Luton Town,0:1,42,0,1,unknown,,,[],[]
537,09/04/2005,Blackpool FC,Peterborough United,0:1,42,0,1,unknown,,,[],[]
538,09/04/2005,Brentford FC,Bristol City,1:0,42,1,0,unknown,,,[],[]
539,09/04/2005,Colchester United,Hartlepool United,1:1,42,1,1,unknown,,,[],[]
540,09/04/2005,Huddersfield Town,Doncaster Rovers,3:1,42,3,1,unknown,,,[],[]
541,09/04/2005,Oldham Athletic,Sheffield Wednesday,1:1,42,1,1,unknown,,,[],[]
542,09/04/2005,Port Vale FC,Chesterfield FC,1:0,42,1,0,unknown,,,[],[]
543,09/04/2005,Swindon Town,Walsall FC,1:2,42,1,2,unknown,,,[],[]
544,09/04/2005,Torquay United,Milton Keynes Dons,1:0,42,1,0,unknown,,,[],[]
545,10/04/2005,Bradford City,Hull City,0:2,42,0,2,unknown,,,[],[]
547,15/04/2005,Hartlepool United,Sheffield Wednesday,3:0,43,3,0,unknown,,,[],[]
548,16/04/2005,Barnsley FC,Oldham Athletic,2:2,43,2,2,unknown,,,[],[]
549,16/04/2005,Bradford City,Brentford FC,4:1,43,4,1,unknown,,,[],[]
550,16/04/2005,Bristol City,Wrexham AFC,1:0,43,1,0,unknown,,,[],[]
551,16/04/2005,Chesterfield FC,AFC Bournemouth,2:3,43,2,3,unknown,,,[],[]
552,16/04/2005,Huddersfield Town,Colchester United,2:2,43,2,2,unknown,,,[],[]
553,16/04/2005,Hull City,Swindon Town,0:0,43,0,0,unknown,,,[],[]
554,16/04/2005,Luton Town,Milton Keynes Dons,1:0,43,1,0,unknown,,,[],[]
555,16/04/2005,Peterborough United,Walsall FC,0:2,43,0,2,unknown,,,[],[]
556,16/04/2005,Stockport County,Doncaster Rovers,2:4,43,2,4,unknown,,,[],[]
557,16/04/2005,Torquay United,Port Vale FC,1:0,43,1,0,unknown,,,[],[]
558,16/04/2005,Tranmere Rovers,Blackpool FC,0:0,43,0,0,unknown,,,[],[]
560,23/04/2005,AFC Bournemouth,Peterborough United,0:1,44,0,1,unknown,,,[],[]
561,23/04/2005,Blackpool FC,Chesterfield FC,1:0,44,1,0,unknown,,,[],[]
562,23/04/2005,Brentford FC,Huddersfield Town,0:1,44,0,1,unknown,,,[],[]
563,23/04/2005,Colchester United,Bradford City,0:0,44,0,0,unknown,,,[],[]
564,23/04/2005,Doncaster Rovers,Hartlepool United,2:0,44,2,0,unknown,,,[],[]
565,23/04/2005,Milton Keynes Dons,Bristol City,1:2,44,1,2,unknown,,,[],[]
566,23/04/2005,Oldham Athletic,Torquay United,1:2,44,1,2,unknown,,,[],[]
567,23/04/2005,Port Vale FC,Barnsley FC,5:0,44,5,0,unknown,,,[],[]
568,23/04/2005,Sheffield Wednesday,Stockport County,0:0,44,0,0,unknown,,,[],[]
569,23/04/2005,Swindon Town,Tranmere Rovers,2:1,44,2,1,unknown,,,[],[]
570,23/04/2005,Walsall FC,Hull City,3:0,44,3,0,unknown,,,[],[]
571,23/04/2005,Wrexham AFC,Luton Town,1:2,44,1,2,unknown,,,[],[]
573,29/04/2005,Tranmere Rovers,Port Vale FC,1:0,45,1,0,unknown,,,[],[]
574,30/04/2005,Barnsley FC,Colchester United,1:1,45,1,1,unknown,,,[],[]
575,30/04/2005,Bradford City,AFC Bournemouth,4:2,45,4,2,unknown,,,[],[]
576,30/04/2005,Bristol City,Doncaster Rovers,2:2,45,2,2,unknown,,,[],[]
577,30/04/2005,Chesterfield FC,Oldham Athletic,1:0,45,1,0,unknown,,,[],[]
578,30/04/2005,Hartlepool United,Walsall FC,1:3,45,1,3,unknown,,,[],[]
579,30/04/2005,Huddersfield Town,Swindon Town,4:0,45,4,0,unknown,,,[],[]
580,30/04/2005,Hull City,Sheffield Wednesday,1:2,45,1,2,unknown,,,[],[]
581,30/04/2005,Luton Town,Brentford FC,4:2,45,4,2,unknown,,,[],[]
582,30/04/2005,Peterborough United,Milton Keynes Dons,0:3,45,0,3,unknown,,,[],[]
583,30/04/2005,Stockport County,Wrexham AFC,1:4,45,1,4,unknown,,,[],[]
584,30/04/2005,Torquay United,Blackpool FC,2:0,45,2,0,unknown,,,[],[]
586,07/05/2005,AFC Bournemouth,Hartlepool United,2:2,46,2,2,unknown,,,[],[]
587,07/05/2005,Blackpool FC,Barnsley FC,0:2,46,0,2,unknown,,,[],[]
588,07/05/2005,Brentford FC,Hull City,2:1,46,2,1,unknown,,,[],[]
589,07/05/2005,Colchester United,Torquay United,2:1,46,2,1,unknown,,,[],[]
590,07/05/2005,Doncaster Rovers,Luton Town,3:3,46,3,3,unknown,,,[],[]
591,07/05/2005,Milton Keynes Dons,Tranmere Rovers,2:1,46,2,1,unknown,,,[],[]
592,07/05/2005,Oldham Athletic,Bradford City,2:1,46,2,1,unknown,,,[],[]
593,07/05/2005,Port Vale FC,Peterborough United,1:0,46,1,0,unknown,,,[],[]
594,07/05/2005,Sheffield Wednesday,Bristol City,2:3,46,2,3,unknown,,,[],[]
595,07/05/2005,Swindon Town,Chesterfield FC,1:1,46,1,1,unknown,,,[],[]
596,07/05/2005,Walsall FC,Stockport County,3:0,46,3,0,unknown,,,[],[]
597,07/05/2005,Wrexham AFC,Huddersfield Town,0:1,46,0,1,unknown,,,[],[]
