	index	date	home	away	score	round_text	play_round	score_45	score_90	score_105	score_120	aet	pso	home_goals	away_goals	season	url	home_manager	away_manager	home_sheet	away_sheet
0	1	19/08/2017	VVOG Harderwijk	VV Gemert	2:0	1. pre-round	1	0:0	NA	NA	NA	False	False	2	0	-2017-2018/	http://www.worldfootball.net/report/knvb-beker-2017-2018-1-vorrunde-vvog-harderwijk-vv-gemert/	Hans van Arum	Dennis Dekkers	[Frans Koornberg, Jan Jurri xebn Hop, Roelof de Groot, Zakaria Fadili, Wilko Braam, Sam Doeve, Wesley de Klein, Jeffrey Snijders, Oussama Labari, Frank Hol, Jeffrey Arends]	[Bono Barten, Ronny van den Elzen, Kees Brugmans, Bart van Berlo, Jens Leyten, Joost Habraken, Coen Brouwers, Ruben Rodrigues, Ralf Kemper, Ron Jansen, Jeremias Carlos David]
1	2	19/08/2017	Ter Leede	DHC Delft	2:0	1. pre-round	1	1:0	NA	NA	NA	False	False	2	0	-2017-2018/	http://www.worldfootball.net/report/knvb-beker-2017-2018-1-vorrunde-ter-leede-dhc-delft/	Henk Wisman	Rob de Lange	[L xe szlo S xe ndor, Mike Boelee, Stefan Kraaijvanger, Sami Mouchih, Rob Zandbergen, Ronnie Verplancke, Oussama Siali, Niels van Veen, Jeffrey Bok, Ian van Otterlo, Marc de Kruijs]	[Dani xebl van der Knijff, Anthony Piqu xe, Joey Emmerink, Jeffrey van Roon, Levi Schipper, Joshua Wadie, Roy Speelman, Vincent Romeijn, Jordy Brouwer, Melvin Vissers, Wesley Verhoek]
2	3	19/08/2017	VV Buitenpost	ZSV	4:3	1. pre-round	1	0:0	NA	NA	NA	False	False	4	3	-2017-2018/	http://www.worldfootball.net/report/knvb-beker-2017-2018-1-vorrunde-vv-buitenpost-zsv/	Ren\xe9 van der Wey	Bas G\xf6sgens	[Kevin van der Meulen, Wim de Vries, Danny Boersma, Berend Schootstra, Rob Dijkstra, Aaron Boekhout, Jorrit Terpstra, Joran Olijve, Martijn van Roeden, Rik Weening, Rudmer Loonstra]	[Leon Thijs, Kevin van den Broek, Niek van de Berg, Marco Manders, Rick Wiersema, Dirk Verlijsdonk, Erwin van den Broek, Koen Kuunders, Ruud van der Vrande, Maarten Kuunders, Ron Verlijsdonk]
3	4	19/08/2017	VV Capelle	RKSV Nuenen	6:0	1. pre-round	1	3:0	NA	NA	NA	False	False	6	0	-2017-2018/	http://www.worldfootball.net/report/knvb-beker-2017-2018-1-vorrunde-vv-capelle-rksv-nuenen/	Winand van Loon	Miguel van den Dungen	[Bradly van de Meer, Gert Jan Rothman, Stefan Dams, Jamie Jaliens, Sandin Avdi u, Wilmer Kousemaker, Jorn van Lunteren, Bram van Eijk, Olaf van der Sande, Angelmo Vyent, Kelvin Kalika]	[Danilo Verus, Koen Bots, Max Verkuijl, Angelo Stoov xe, Tim Rerimassie, Stef Hagen, Lars van Stipdonk, Dennis van de Reek, Thom van de Donk, Jamey Raas, J xfanior]
4	5	19/08/2017	ACV Assen	USV Hercules	0:3	1. pre-round	1	0:0	NA	NA	NA	False	False	0	3	-2017-2018/	http://www.worldfootball.net/report/knvb-beker-2017-2018-1-vorrunde-acv-assen-usv-hercules/	Fred de Boer	Eric Speelziek	[Bart Woering, Guus de Vries, Marcel Seip, Jelle Wagenaar, Dennis Hoekstra, Thomas Metzemaekers, Nick Westebring, Haaije Feenstra, Jonah van der Werf, Romano Djababoe, Pascal Huser]	[Fons Mulder, Kevin Ligtermoet, Matthijs Blijham, Mart Stokkers, Leroy Oehlers, Mitchel Bolck, Alfred Mensah, Christy Bonevacia, Jeffrey Vlug, Tyrone Fonfille, Fouad Belarbi]
5	6	19/08/2017	VV Dongen	VV DOVO Veenendaal	5:2	1. pre-round	1	3:1	NA	NA	NA	False	False	5	2	-2017-2018/	http://www.worldfootball.net/report/knvb-beker-2017-2018-1-vorrunde-vv-dongen-vv-dovo-veenendaal/	Ron Timmers	Gert Kruys	[Jordy Zielschot, Floris Wouters, Paul van Zon, Luuk Hultermans, Jan Gerrits, Jaap van der Waarden, Daan Poelmans, Glenn Kools, R xe mon Koenen, Mustafa Mohammad, Tom Kolkert]	[Rodney Ubbergen, Enrico Patrick, Mitchell de Zwart, Adil Mahdadi, Bas Mooij, Aron de Koning, Nick Coster, Marley Berkvens, Roy Bakkenes, Quincy Arends, Joshua Patrick]
6	7	19/08/2017	AFC Ajax Zaterdag	VV OJC Rosmalen	3:1	1. pre-round	1	2:0	NA	NA	NA	False	False	3	1	-2017-2018/	http://www.worldfootball.net/report/knvb-beker-2017-2018-1-vorrunde-afc-ajax-zaterdag-vv-ojc-rosmalen/	Jorg Smeets	David Vecht	[Stephan Veenboer, Glenn van Zoolingen, Edwin Soenarto, Lars Middelwijk, Tim de Jong, Stanley Akoy, Jack van Moerkerk, Berry van t Land, Kenneth Misa Danso, Zakaria el Biyar, Bilal el Amrani]	[Bart Tinus, Melvin van Gestel, Jelle Scholts, Vincent van Hoof, Steef Nieuwendaal, Tom Wijkmans, Jeroen Sterrenburg, Wesley Meeuwsen, Yevghenny Marceli, Ritchie van Ooijen, Diego Meerveld]
7	8	19/08/2017	Sparta Nijkerk	VPV Purmersteijn	3:0	1. pre-round	1	2:0	NA	NA	NA	False	False	3	0	-2017-2018/	http://www.worldfootball.net/report/knvb-beker-2017-2018-1-vorrunde-sparta-nijkerk-vpv-purmersteijn/	Marco Roelofsen	Martin van Ophuizen	[Brian Willemse, Mohammed Al Haydar, Dennis van der Wal, Janic Makizodila, Brian Bawuah, Frank Heus, Jesse Buitenhuis, Donny van der Wal, Jorrit Fiegen, Rafael Boer, Mark Groenewoudt]	[Richard de Groot, Romeo Fecunda, Rowin Mol, Alex Treuren, Jordy de Visser, Dani xebl Schermer, Robbert Jan Ory, Ruben Adney, Yassin el Yaakoubi, Stefan van Wonderen, Aramez Poepon]
8	9	19/08/2017	ADO '20	SV Spakenburg	10:11	1. pre-round	1	0:1	1:1	1:1	NA	False	True	10	11	-2017-2018/	http://www.worldfootball.net/report/knvb-beker-2017-2018-1-vorrunde-ado-20-sv-spakenburg/	Raymond Bronkhorst	John de Wolf	[, Michel van Kampen, Mouad Ben Chekh, Marvin Boom, Gert Jan van Leiden, Donny Rijnink, Ted Amson, Bas Vellema, Meraj Allahdad, Raymond de Waard, Jesper de Vr xe]	[Michel van Kampen, Mouad Ben Chekh, Marvin Boom, Gert Jan van Leiden, Donny Rijnink, Ted Amson, Bas Vellema, Meraj Allahdad, Raymond de Waard, Jesper de Vr xe, Richie Owusu Ansah]
9	10	19/08/2017	Chevremont	AVV Swift	1:3	1. pre-round	1	1:1	NA	NA	NA	False	False	1	3	-2017-2018/	http://www.worldfootball.net/report/knvb-beker-2017-2018-1-vorrunde-chevremont-avv-swift/	Jan van Dijk	Bart Logchies	[Mark Voss, Mickey Knarren, Dani xebl Meijer, Sven Meijers, Kevin Senden, Marvin de Mey, Lars Wolters, Brian Jacobs, Rodney Klinkenberg, Tim Bl xe ttler, Raymond Frijns]	[Bogdan Constantin, Mike Ruijter, Mathieu Christianen, Nik Gabel, Jouke Spanninga, Rutger de Vries, Max van Wakeren, Shaquille Doorson, Jaap Smeeing, Tim Wulffraat, Ron Rosenhart]
10	11	19/08/2017	RKSV Groene Ster	SVV Scheveningen	1:2	1. pre-round	1	1:0	NA	NA	NA	False	False	1	2	-2017-2018/	http://www.worldfootball.net/report/knvb-beker-2017-2018-1-vorrunde-rksv-groene-ster-svv-scheveningen/	Maurice Verbunt	John Blok	[Willem Jan Thijssen, Kevin Werker, Mick Hellemons, Danny Stassar, Dylan Zwartjes, Roy Janssen, Maikel van Kesteren, Wessel Franssen, Roel Schirra, Boyd Joosten, Eloy Cox]	[Jesper Leerdam, Samir el Moussaoui, Ruben Koorndijk, Jari de Jong, Mitchell de Vlugt, Leroy Resodihardjo, Esin Gula, Barry Rog, Mehmet Aldo u fan, Marvin Nieuwlaat, Robert Steemers]
11	12	19/08/2017	BVV/Caterpillar	VV Staphorst	1:5	1. pre-round	1	0:3	NA	NA	NA	False	False	1	5	-2017-2018/	http://www.worldfootball.net/report/knvb-beker-2017-2018-1-vorrunde-bvv-caterpillar-vv-staphorst/	Hans Lathouwers	Jan Vlap	[Fahd Bouchti, Ridvan xc elebi, Theo Beekmans, Stephan Netten, Ritchie Mangandu, Ilias Sadqi, Younes Hadouir, Murat Dogan, Jimmy Meerbach, Imad Hamria, Johan Eerhart]	[Ren xe Oosterhof, Frank van der Burg, Ewald Koster, Reinier Crediet, Rob Mijnheer, Mark Veldmate, Dennis Rosink, Martijn Brakke, William de Boer, Heine Uuldriks, Mike Reuvers]
12	13	19/08/2017	JVC Cuijk	SDC Putten	0:1	1. pre-round	1	0:0	0:0	0:1	NA	True	False	0	1	-2017-2018/	http://www.worldfootball.net/report/knvb-beker-2017-2018-1-vorrunde-jvc-cuijk-sdc-putten/	Ruud Kaiser	Michael van den Berg	[Yorrit Kanters, Sjoerd van der Looy, Jurre Grotenhuis, Alex Leji u, Timo Peters, Simon van Zeelst, Stan Broenland, Bjenze Graat, Boy Visser, Rik Renirie, Jordie van der Laan]	[Manuel Hoogewoning, Thomas Amende, Rick van den Brink, Martijn Duits, Sander Duits, Kees Pluim, Jerry Geurtsen, Wouter de Bruin, Abdelmoumin Cherkaoui, Jurian van den Brink, Rick Degenaar]
13	14	19/08/2017	EVV	Olde Veste '54	4:1	1. pre-round	1	0:1	NA	NA	NA	False	False	4	1	-2017-2018/	http://www.worldfootball.net/report/knvb-beker-2017-2018-1-vorrunde-evv-olde-veste-54/	Kevin Van Dessel	Jan Derk Brandsma	[Michel Vercruysse, Tom Hanssen, Rick Geenen, Reno Kochanowski, Juli xebn Clout, Aaron Gielen, Jasko D u eurli u, Joey Dekkers, Faissal Argoubi, Rick Polman, Shaquille Simmons]	[Stein de Wit, Julian Zwoferink, Jordy Blijham, Erwin van Luik, Daan Flobbe, Sjorick Bootsma, Patrick de Vente, Tarik Bourakba, Justin Torn, Marco Woudsma, Rochendy Constansia]
14	16	19/08/2017	DVS'33	Quick Boys	1:2	2. pre-round	2	0:2	NA	NA	NA	False	False	1	2	-2017-2018/	http://www.worldfootball.net/report/knvb-beker-2017-2018-2-vorrunde-dvs33-quick-boys/	Bert van Hunenstijn	Jan Zoutman	[Paul Eppink, Haico Epe, Dennis Hollart, Jorran van Santen, Basil Camara, Roald de Vries, Coen Vloedgraven, Maurice de Ruiter, Mike Ahrens, G xf khan Ya u far, Dani xebl van Warven]	[Martijn de Zwart, Tim Bloemendaal, Anthony Bentem, Dennis van der Plas, Joey Ravensbergen, Mohamad Mahmoed, Ricardo Kuyvenhoven, Delano xe Cohen, Reda Kharchouch, Max van Steen, Jesse van Nieuwkerk]
15	17	19/08/2017	ASWH Ido-Ambacht	HSV Hoek	1:3	2. pre-round	2	0:2	NA	NA	NA	False	False	1	3	-2017-2018/	http://www.worldfootball.net/report/knvb-beker-2017-2018-2-vorrunde-aswh-ido-ambacht-hsv-hoek/	Jack van den Berg	Jannes Tant	[Marvin Nootenboom, Jerry Tieleman, Stanley Husen, Gilmaro van de Werp, David Almeida, Mels van Driel, Jesper van den Bosch, Juanito Sequeira, Nick Slotboom, Akin Arslan, Peter de Lange]	[Jordi De Jonghe, Thomas Van Renterghem, Kim Van Den Bergh, Reguillo Vandepitte, Fabian Wilson, Zinho Chergui, Stef De Backer, Rik Impens, Aaron Verwilligen, Bram Leroy, Niek van Sprundel]
16	18	19/08/2017	Achilles'29	OFC Oostzaan	3:2	2. pre-round	2	1:1	NA	NA	NA	False	False	3	2	-2017-2018/	http://www.worldfootball.net/report/knvb-beker-2017-2018-2-vorrunde-achilles29-ofc-oostzaan/	Eric Meijers	Yuri Rose	[Timo Plattel, Derwin Martina, Marijn de Kler, Yannick Zeeman, K xfcr u fad S xfcrmeli, Boy van de Beek, Christoff Dias de Oliveira, Omid Popalzay, Guyon Philips, Niels Wouters, Niek Versteegen]	[Atam K xf ro u flu, Henry Opoku, Mike Brantjes, Nick Kramer, Donny Verdam, Romano de Jonge, Tom Noordhoff, Adnan Barakat, Lars Weistra, Edip Bibero u flu, Martijn Tjon a Njoek]
17	19	19/08/2017	TEC VV	Rijnsburgse Boys	1:3	2. pre-round	2	1:1	1:1	1:3	NA	True	False	1	3	-2017-2018/	http://www.worldfootball.net/report/knvb-beker-2017-2018-2-vorrunde-tec-vv-rijnsburgse-boys/	Frits van den Berk	Pieter Mulders	[Sebastiaan van der Sman, Migiel Zeller, Daan Disveld, Obi Onyeike, Randel Shakison, Bart Westerlaken, Matthijs van Gessel, Wimilio Vink, Serhat Ko xe, Gianluca Maria, Robby Holder]	[Richard van Nieuwkoop, Roderick Gielisse, Masies Artien, Hidde Prijs, Jordy Strooker, Carlos Opoku, Wesley Goeman, Jo xebl Tillema, Giovialli Serbony, Jeffrey Jongeneelen, Donny van Oijen]
18	20	20/08/2017	Koninklijke HFC	RKVV Westlandia	4:0	2. pre-round	2	2:0	NA	NA	NA	False	False	4	0	-2017-2018/	http://www.worldfootball.net/report/knvb-beker-2017-2018-2-vorrunde-koninklijke-hfc-rkvv-westlandia/	Ted Verdonkschot	Edwin Gr\xfcnholz	[Gerard van Rossum, Danny Hols, Andr xe Morgan, Wessel Boer, Kevin de Visser, Michael Timisela, Daniel van Son, Steven Olsthoorn, Kevin Sterling, Koen Beeren, Gertjan Tamerus]	[Jari Duijvestijn, Ramon Ripson, Mitchel Jacobs, Nick van Vliet, Marko van der Knaap, Patrick Batist, Adnan Baji u, Jessie van der Burg, Jeroen Spruijt, Anwar Beeldstroo, R xe mon van Bochoven]
19	21	20/08/2017	Amsterdamsche FC	ASV De Dijk	0:2	2. pre-round	2	0:0	NA	NA	NA	False	False	0	2	-2017-2018/	http://www.worldfootball.net/report/knvb-beker-2017-2018-2-vorrunde-amsterdamsche-fc-asv-de-dijk/	Ton du Chatinier	Jochem Twisker	[Joey Potveer, Sam Nijpels, Derre Kwee, Magid Jansen, Thomas van den Houten, Jonathan Richard, Tom van den Brink, Milan Hoek, Ilias Zaimi, Eelke de Graaf, Melvin Grootfaam]	[Jeroen Verhoeven, Frank Schilder, Robert Verschraagen, Alje Wiltenburg, Kevin Westmaas, Raymond Baten, Abderrahim Loukili, Harry Zwarthoed, Achmed Ahahaoui, Jack Tuyp, Nabil el Gourari]
20	22	22/08/2017	SVV Scheveningen	VV Spijkenisse	3:2	2. pre-round	2	0:0	0:0	0:0	NA	False	True	3	2	-2017-2018/	http://www.worldfootball.net/report/knvb-beker-2017-2018-2-vorrunde-svv-scheveningen-vv-spijkenisse/	John Blok	Peter Wubben	[Sven Wolsheimer, Samir el Moussaoui, Ruben Koorndijk, Jari de Jong, Gio van Ree, Levi Schwiebbe, Leroy Resodihardjo, Peter Jungschl xe ger, Mehmet Aldo u fan, Marvin Nieuwlaat, Robert Steemers]	[Dyron Bijl, Eti xebn Mariana, Eric Polet, Glenn Rijsdijk, Stefano Goncalves, Sander Barragan, Felino Jardim, Danny Groos, Marvin van der Pluijm, Michael van Dommelen, Serginho van Axel Dongen]
21	23	22/08/2017	HSC'21	VV Zwaluwen	0:1	2. pre-round	2	0:1	NA	NA	NA	False	False	0	1	-2017-2018/	http://www.worldfootball.net/report/knvb-beker-2017-2018-2-vorrunde-hsc21-vv-zwaluwen/	Dani\xebl Nijhof	Oscar Biesheuvel	[Wouter Lankheet, Dion Hartgerink, xc a u flar U u fuz, Mark Engberink, Kelvin Veensma, Jordi van Ek, Bas ter Hogt, Joost Screever, Kevin Spanjaard, Stef Ottink, Bas Postma]	[Marvin van Tienen, Leon Krznari u, Wesley de Heij, Tim Gudde, Dennis van Rijn, Erwin de Groot, Robin Hofman, Jesper Gudde, Justin van Mullem, Ricardo Merrelaar, Sten Wever]
22	24	22/08/2017	Harkemase Boys	Sparta Nijkerk	2:3	2. pre-round	2	0:0	0:0	0:0	NA	False	True	2	3	-2017-2018/	http://www.worldfootball.net/report/knvb-beker-2017-2018-2-vorrunde-harkemase-boys-sparta-nijkerk/	Henk Herder	Marco Roelofsen	[, Erick Jansema, Jim de Leeuw, Bart de Groot, Jesse Renken, Jens Jurn Streutker, Kevin Mennega, Johnny de Vries, Henny Bouius, Dennis van Duinen, Yannick Kaluzi]	[Erick Jansema, Jim de Leeuw, Bart de Groot, Jesse Renken, Jens Jurn Streutker, Kevin Mennega, Johnny de Vries, Henny Bouius, Dennis van Duinen, Yannick Kaluzi, Berwout Beimers]
23	25	22/08/2017	BVV Barendrecht	VVOG Harderwijk	1:0	2. pre-round	2	1:0	NA	NA	NA	False	False	1	0	-2017-2018/	http://www.worldfootball.net/report/knvb-beker-2017-2018-2-vorrunde-bvv-barendrecht-vvog-harderwijk/	Adrie Poldervaart	Hans van Arum	[Marc van Splunter, Tim Eekman, Max van Dijk, Lionel Fitsch, Jeffrey Aarts, Danny Monster, Joey Jongman, Richard Stolte, Ramy Salem, Ali Khaldi, Dani xebl Esajas]	[Frans Koornberg, Tim Muller, Jan Jurri xebn Hop, Roelof de Groot, Wilko Braam, Wesley de Klein, Jeffrey Snijders, Tijmen van Straten, Pernelly Biya, Frank Hol, Jeffrey Arends]
24	26	22/08/2017	Blauw Geel '38	SV Spakenburg	3:2	2. pre-round	2	2:1	NA	NA	NA	False	False	3	2	-2017-2018/	http://www.worldfootball.net/report/knvb-beker-2017-2018-2-vorrunde-blauw-geel-38-sv-spakenburg/	Niels van Casteren	John de Wolf	[Brahim Zaari, Edwin Huibers, Martijn van Loon, Mark Westerlaken, Desley Schilders, Mark Dobbelsteen, Sander van Egmond, Serkan Ordu, Joey Hellstern, Alexander Mols, Sjaak Egmond]	[Daan Huiskamp, Barry Beijer, Tom van der Neut, Guido van Rijn, Sten Vreekamp, Philip Ties, Mike Vreekamp, Jasper Waalkens, Kees Tol, Olivier Pilon, Bert Steltenpool]
25	27	23/08/2017	sv DFS	ONS Sneek	1:2	2. pre-round	2	0:2	NA	NA	NA	False	False	1	2	-2017-2018/	http://www.worldfootball.net/report/knvb-beker-2017-2018-2-vorrunde-sv-dfs-ons-sneek/	Scott Calderwood	Chris de Wagt	[Noah Tomatala, Corn xe Davelaar, Tim Sanders, Rick van Walsem, Melvin van Osenbruggen, Marc Harlaux, Luci xebn Dors, Arjan Goorman, Lorenzo Davids, Rutger Worm, Thijs Hendriks]	[Volken Huisman, Klaas de Vries, Rein Werumeus Buning, Serge Fatima, Tim Oosterbaan, Frits Dantuma, Michael Lanting, Tom Arissen, Fabian Stevens, Arton Musliu, Jan Dommerholt]
26	28	23/08/2017	VV Capelle	VV Altius	6:1	2. pre-round	2	1:0	NA	NA	NA	False	False	6	1	-2017-2018/	http://www.worldfootball.net/report/knvb-beker-2017-2018-2-vorrunde-vv-capelle-vv-altius/	Winand van Loon	Herman Wallenburg	[Ferry Hagendijk, Gert Jan Rothman, Stefan Dams, Jamie Jaliens, Sandin Avdi u, Wilmer Kousemaker, Jorn van Lunteren, Bram van Eijk, Olaf van der Sande, Angelmo Vyent, Kelvin Kalika]	[Roy van Wagtendonk, Roy van de Brink, Beau Schaepman, Mark Koomen, Jan Kloet, Arno Calis, Wouter Koetsier, Bilal el Morabet, Glenn Hemmers, Ruben Bakker, Jordy Arp]
27	29	23/08/2017	AVV Swift	HBS-Craeyenhout	3:0	2. pre-round	2	1:0	NA	NA	NA	False	False	3	0	-2017-2018/	http://www.worldfootball.net/report/knvb-beker-2017-2018-2-vorrunde-avv-swift-hbs-craeyenhout/	Bart Logchies	Marcel Koning	[Bogdan Constantin, Teun van Zweeden, Mike Ruijter, Mathieu Christianen, Nik Gabel, Rutger de Vries, Max van Wakeren, Mallqui Cabezas, Syrano Morrison, Jordy de Groot, Tim Wulffraat]	[Paul van der Helm, Jim Roberti, Bart Koffeman, Steve van Kesteren, Bram Ros, Kevin Schutte, Tony Bergsma, Willem Six, Mike de Geer, Santy Hulst, Nelson Vieira]
28	30	23/08/2017	USV Hercules	VV Dongen	4:2	2. pre-round	2	1:0	2:2	4:2	NA	True	False	4	2	-2017-2018/	http://www.worldfootball.net/report/knvb-beker-2017-2018-2-vorrunde-usv-hercules-vv-dongen/	Eric Speelziek	Ron Timmers	[Fons Mulder, Kevin Ligtermoet, Matthijs Blijham, Mart Stokkers, Leroy Oehlers, Mitchel Bolck, Floris Burgers, Jeffrey Vlug, Guytho Mijland, Oskar van Logtestijn, Amine el Bouzidi]	[Jordy Zielschot, Floris Wouters, Luuk Hultermans, Jan Gerrits, Jaap van der Waarden, Glenn Kools, Gijs van den Berg, R xe mon Koenen, Anwar Tuithof, Mustafa Mohammad, Tom Kolkert]
29	31	23/08/2017	VV Sint Bavo	EVV	4:3	2. pre-round	2	1:2	3:3	4:3	NA	True	False	4	3	-2017-2018/	http://www.worldfootball.net/report/knvb-beker-2017-2018-2-vorrunde-vv-sint-bavo-evv/	Mark Schenning	Kevin Van Dessel	[Ruben Valk, Peet van der Slot, Jordy Zwart, Jelmer Vijlbrief, Richelo Fecunda, Vladimir Jozi u, Frans van Niel, Tim de Rijk, Lloyd van der Wilden, Pieter Koopman, Tommy Bekooy]	[Michel Vercruysse, Tom Hanssen, Rick Geenen, Demen Roumen, Juli xebn Clout, Aaron Gielen, Jasko D u eurli u, Joey Dekkers, Faissal Argoubi, Rick Polman, Shaquille Simmons]
30	32	23/08/2017	FC Lienden	HHC Hardenberg	0:1	2. pre-round	2	0:0	NA	NA	NA	False	False	0	1	-2017-2018/	http://www.worldfootball.net/report/knvb-beker-2017-2018-2-vorrunde-fc-lienden-hhc-hardenberg/	Hans Kraay jr.	Gert-Jan Karsten	[Jan Schimmel, Jermo Wilsterman, Leon Broekhof, Kenny Elders, Emilio Samsey, Jop van Steen, Nathan Bijl, Milad Intezar, Mo Bendadi, Jawad Bellahsan, Danny van den Meiracker]	[Sander Danes, Koos Werkman, Hamid Zarbaf, Ashwin Manuhutu, Danny Bouws, Glenn Kobussen, Rick Hemmink, Shkodran Metaj, Sargon Gouriye, Rens van Benthem, D xe rian Reinders]
31	33	23/08/2017	VV UNA/Brinvast	VV Staphorst	1:2	2. pre-round	2	0:0	0:0	1:2	NA	True	False	1	2	-2017-2018/	http://www.worldfootball.net/report/knvb-beker-2017-2018-2-vorrunde-vv-una-brinvast-vv-staphorst/	Jeroen van Bezouwen	Jan Vlap	[Petar Sto u kovi u, Sander van Weert, Yoeri Sijbers, Pieter Jan Scheerlinck, Jeroen Stottelaar, Niek van Boekel, Rob van Boekel, Tomas Overhof, Brian Boogers, Nick Tielemans, Mart van de Gevel]	[Ren xe Oosterhof, Frank van der Burg, Ewald Koster, Rob Mijnheer, Lars Heuvelman, Mark Veldmate, Dennis Rosink, Martijn Brakke, William de Boer, Heine Uuldriks, Mike Reuvers]
32	34	23/08/2017	Quick Den Haag	Ter Leede	2:3	2. pre-round	2	0:1	NA	NA	NA	False	False	2	3	-2017-2018/	http://www.worldfootball.net/report/knvb-beker-2017-2018-2-vorrunde-quick-den-haag-ter-leede/	Paul van der Zwaan	Henk Wisman	[Jari Puister, Kai van Hese, Virgil Tjin Asjoe, Philip Kouwenhoven, Joost de Gelder, Sijbren Bartlema, Steven de Kruijf, Rachid Bouyaouzan, Can Memi u fo u flu, Nabil Hadui, Marc Boshoff]	[L xe szlo S xe ndor, Mike Boelee, Stefan Kraaijvanger, Sami Mouchih, Rob Zandbergen, Ronnie Verplancke, Oussama Siali, Toon Zwetsloot, Jeffrey Bok, Ian van Otterlo, Marc de Kruijs]
33	35	23/08/2017	Quick'20	CSV Apeldoorn	0:1	2. pre-round	2	0:1	NA	NA	NA	False	False	0	1	-2017-2018/	http://www.worldfootball.net/report/knvb-beker-2017-2018-2-vorrunde-quick20-csv-apeldoorn/	Michel Steggink	J\xfcrgen Schefczyk	[Felix van Berkel, Ryan Snelders, Saliba Somi, Wesley van Houten, Sebastiaan B xf kkerink, Luc Stolker, Jeroen Visscher, Jan Willem Kamp, Melvin Degenaar, Dennis Kemerink, Alessio Pinna]	[Patrick Jansen, Melvin Bresser, Joost Krijns, Rob Diderik, Maarten Boeve, Steven van Es, Jesse Hartgers, Jeremy Jonker, Maikel Lange, Mark Fennebeumer, Jamarro Diks]
34	36	23/08/2017	Excelsior Maassluis	FC Lisse	6:7	2. pre-round	2	0:1	1:1	1:1	NA	False	True	6	7	-2017-2018/	http://www.worldfootball.net/report/knvb-beker-2017-2018-2-vorrunde-excelsior-maassluis-fc-lisse/	Jeroen Rijsdijk	Robbert de Ruiter	[, Jean Paul van Leeuwen, Kevin Ringeling, Daan Smith, Demi Gosepa, Sefa Kurt, Niels Redert, Stefan Kruithof, Daan Blij, Rashid Browne, Kevin Vink]	[Jean Paul van Leeuwen, Kevin Ringeling, Daan Smith, Demi Gosepa, Sefa Kurt, Niels Redert, Stefan Kruithof, Daan Blij, Rashid Browne, Kevin Vink, Vincent van den Berg]
35	37	23/08/2017	AFC Ajax Zaterdag	Be Quick 1887	2:1	2. pre-round	2	0:1	1:1	2:1	NA	True	False	2	1	-2017-2018/	http://www.worldfootball.net/report/knvb-beker-2017-2018-2-vorrunde-afc-ajax-zaterdag-be-quick-1887/	Jorg Smeets	Kevin Waalderbos	[Stephan Veenboer, Glenn van Zoolingen, Edwin Soenarto, Lars Middelwijk, Tim de Jong, Jack van Moerkerk, Berry van t Land, Stanley Akoy, Kenneth Misa Danso, Bilal el Amrani, Bobby Bosma]	[Robert Smit, Robert Talens, Twan Nieboer, Jorrit Kunst, Martijn Delger, Rick Wiersma, Daan Driever, Raymond Bolt, Jorin Keekstra, Thomas Careman, Arnoud Bentum]
36	38	23/08/2017	VV De Meern	VC Vlissingen	4:3	2. pre-round	2	0:1	1:1	1:1	NA	False	True	4	3	-2017-2018/	http://www.worldfootball.net/report/knvb-beker-2017-2018-2-vorrunde-vv-de-meern-vc-vlissingen/	Joel Titaley	John Karelse	[, Jordi Haneveld, Rick Hauwert, Tobias Elmensdorp, Mark den Hartogh, Anis Ziani, Hakan Yasar, Tom Waltman, Steve Blokland, Giovanni Nicolaas, Zakaria el Bennay]	[Jordi Haneveld, Rick Hauwert, Tobias Elmensdorp, Mark den Hartogh, Anis Ziani, Hakan Yasar, Tom Waltman, Steve Blokland, Giovanni Nicolaas, Zakaria el Bennay, Kesly den Haag]
37	39	23/08/2017	GVVV	Magreb '90	7:0	2. pre-round	2	3:0	NA	NA	NA	False	False	7	0	-2017-2018/	http://www.worldfootball.net/report/knvb-beker-2017-2018-2-vorrunde-gvvv-magreb-90/	Niek Oosterlee	Jamal Yahiaoui	[Johan Jansen, Taoufik Adnane, Wilco den Hartog, Laurens van der Voort, Guido Janssen, Roy Terschegget, Danny de Leeuw, Robin Mulder, Mart de Jong, Jeremy de Graaf, Mohammed Ajiach]	[Bohdi Prinssen, Omar Boukhari, Hoessein Jabir, Toufik el Ouafi, Salah Aharar, Omar el Ghazouani, Mohamed Ouamar, Nizar Mekkaoui, Hicham Lechkar, Hicham Chatouani, Anthony Berenstein]
38	40	23/08/2017	VV Noordwijk	IJsselmeervogels	3:2	2. pre-round	2	0:0	NA	NA	NA	False	False	3	2	-2017-2018/	http://www.worldfootball.net/report/knvb-beker-2017-2018-2-vorrunde-vv-noordwijk-ijsselmeervogels/	Kees Zethof	Pascal Bosschaart	[Mustafa Amezrine, Sonny ten Hoope, Brayen Br xf cker, Martijn le Cong xe, Maurice van der Neut, Rob Overvliet, Ruperto Dorothea, Thomas Reynaers, Tjeerd Westdijk, Emiel Wendt, Denzel James]	[Raymon van Emmerik, Shanon Carmelia, Jeffrey Buitenhuis, Marciano van Leijenhorst, Yannick Cortie, Achraf Nemji, Christiaan van Hussen, Oktay xd zt xfcrk, Soufian Moro, Berry Powel, Sherwin Grot]
39	41	23/08/2017	ODIN '59	SDC Putten	1:3	2. pre-round	2	0:2	NA	NA	NA	False	False	1	3	-2017-2018/	http://www.worldfootball.net/report/knvb-beker-2017-2018-2-vorrunde-odin-59-sdc-putten/	Richard Plug	Michael van den Berg	[Barry van Dijk, Lars Boekel, Denzel Meijer, Milo Cremers, Mart Willemse, Ron Scheffer, Jeffrey Klijbroek, Nick Burger, Jim Hulleman, Levy van Nispen, Thom de Vries]	[Manuel Hoogewoning, Thomas Amende, Rick van den Brink, Martijn Duits, Sander Duits, Kees Pluim, Jerry Geurtsen, Wouter de Bruin, Abdelmoumin Cherkaoui, Jurian van den Brink, Joost Heerschop]
40	42	26/08/2017	VV Buitenpost	SC Genemuiden	0:2	2. pre-round	2	0:0	NA	NA	NA	False	False	0	2	-2017-2018/	http://www.worldfootball.net/report/knvb-beker-2017-2018-2-vorrunde-vv-buitenpost-sc-genemuiden/	Ren\xe9 van der Wey	Jan van Raalte	[Kevin van der Meulen, Wim de Vries, Joost Jesse Visser, Danny Boersma, Berend Schootstra, Rob Dijkstra, Aaron Boekhout, Jorrit Terpstra, Joran Olijve, Martijn van Roeden, Rudmer Loonstra]	[Albert Flier, Matthias Breman, Dirk Muis, Roelof de Jong, Rick Doorn, Robert Boes, Job van Dalfsen, Jacco Riemens, Joran Pot, Omar Kavak, Frank Kuurman]
41	44	19/09/2017	VV Zwaluwen	FC Den Bosch	2:3	1. Round	3	0:0	NA	NA	NA	False	False	2	3	-2017-2018/	http://www.worldfootball.net/report/knvb-beker-2017-2018-1-runde-vv-zwaluwen-fc-den-bosch/	Oscar Biesheuvel	Willy Boessen	[Marvin van Tienen, Mario Nijgh, Leon Krznari u, Vincent van Dorp, Dennis van Rijn, Robin Hofman, Jerry Scholman, Jesper Gudde, Justin van Mullem, Raoul Gillet, Ricardo Merrelaar]	[Nick Leijten, Bart Biemans, Jonas Heymans, Mattias Andersson, Mats Deijl, Jens van Son, Muhammed Mert, Luuk Brouwers, Dennis Kaars, Giorgio Siani, Oussama Bouyaghlafen]
42	45	19/09/2017	RKC Waalwijk	Sparta Rotterdam	1:0	1. Round	3	0:0	NA	NA	NA	False	False	1	0	-2017-2018/	http://www.worldfootball.net/report/knvb-beker-2017-2018-1-runde-rkc-waalwijk-sparta-rotterdam/	Peter van den Berg	Alex Pastoor	[Etienne Vaessen, Gigli Ndefe, Jan Lammers, Ingo van Weert, Mohamed Mezghrani, Nikki Baggerman, No xebl de Graauw, Daan Rienstra, Johan Voskamp, Leandro Resida, Sa xefd Bakari]	[Roy Kortsmit, Julian Chabot, Bart Vriends, Nicholas Marfelt, Frederik Holst, Kenneth Dougall, Stijn Spierings, Loris Brogno, Ragnar Ache, Robert M xfchren, Craig Goodwin]
43	46	19/09/2017	GVVV	FC Dordrecht	1:0	1. Round	3	0:0	NA	NA	NA	False	False	1	0	-2017-2018/	http://www.worldfootball.net/report/knvb-beker-2017-2018-1-runde-gvvv-fc-dordrecht/	Niek Oosterlee	G\xe9rard de Nooijer	[Johan Jansen, Rodny Hofman, Taoufik Adnane, Wilco den Hartog, Guido Janssen, Roy Terschegget, Robin Mulder, Mart de Jong, Martin van Eck, Jeremy de Graaf, Soufiane Laghmouchi]	[Nick Wolters, Antonio Stankov, Mawouna Amevor, Erol Alkan, Cendrino Misidjan, Gustavo Hamer, Denis Mahmudov, Jordy Vleugels, Danny Bakker, Robert Mutzers, Andreas Calcan]
44	47	19/09/2017	FC Oss	Almere City FC	0:2	1. Round	3	0:1	NA	NA	NA	False	False	0	2	-2017-2018/	http://www.worldfootball.net/report/knvb-beker-2017-2018-1-runde-fc-oss-almere-city-fc/	Klaas Wels	Jack de Gier	[Ronald Koeman, Frenk Keukens, Ferry de Regt, Rick Stuy van den Herik, Dean van der Sluys, Daan Klomp, Lion Kaak, Huseyin Dogan, Roel van de Sande, Fisayo Adarabioyo, Thijs van Pol]	[Chiel Kramer, Calvin Mac Intosch, Josef Kv xedda, Leeroy Owusu, Damon Mirani, Jeffrey Rijsdijk, Charlie Telfer, Gaston Salasiwa, Arsenio Valpoort, Ezra Walian, Achille Vaarnold]
45	48	19/09/2017	VV Noordwijk	Fortuna Sittard	0:1	1. Round	3	0:0	NA	NA	NA	False	False	0	1	-2017-2018/	http://www.worldfootball.net/report/knvb-beker-2017-2018-1-runde-vv-noordwijk-fortuna-sittard/	Kees Zethof	Sunday Oliseh	[Roy Rondeltap, Sonny ten Hoope, Brayen Br xf cker, Martijn le Cong xe, Maurice van der Neut, Rob Overvliet, Thomas Reynaers, Diederick Hoogerwaard, Tjeerd Westdijk, Emiel Wendt, Denzel James]	[Aykut xd zer, Christopher Braun, Perr Schuurs, Marco Ospitalieri, Wessel Dammers, Djibril Dianessy, Dries Saddiki, Jorrit Smeets, Andr xe Vidigal, Finn Stokkers, Stefan A u kovski]
46	49	19/09/2017	BVV Barendrecht	Go Ahead Eagles	1:3	1. Round	3	1:1	NA	NA	NA	False	False	1	3	-2017-2018/	http://www.worldfootball.net/report/knvb-beker-2017-2018-1-runde-bvv-barendrecht-go-ahead-eagles/	Adrie Poldervaart	Leon Vlemmings	[Marc van Splunter, Yorik van Deelen, Tim Eekman, Max van Dijk, Jeffrey Aarts, Danny Monster, Joey Jongman, Donny Navajas Sanchez, Ramy Salem, Ali Khaldi, Dani xebl Esajas]	[Sonny Stevens, Xandro Schenk, Dennis Hettinga, Sam Beukema, Brem Soumaoro, Stefano Beltrame, Joey Suk, Pieter Langedijk, Sander Thomas, Tim H xf lscher, Sam Hendriks]
47	50	19/09/2017	Helmond Sport	SC Cambuur	1:5	1. Round	3	0:1	NA	NA	NA	False	False	1	5	-2017-2018/	http://www.worldfootball.net/report/knvb-beker-2017-2018-1-runde-helmond-sport-sc-cambuur/	Roy Hendriksen	Marinus Dijkhuizen	[Stijn van Gassel, Robert van Koesveld, Stephen Warmolts, G xe vero Markiet, Maiky Fecunda, Steven Edwards, Robert Braber, Bram Zwanen, Arne Naudts, Furhgill Zeldenrust, Jordy Thomassen]	[Jesse Bertrams, Matthew Steenvoorden, Sai van Wermeskerken, Robbert Schilder, Marvin Peersman, Daan Boerlage, Mathias Schils, Kevin van Kippersluis, Issa Kallon, Justin Mathieu, Karim Rossi]
48	51	19/09/2017	Rijnsburgse Boys	Heracles Almelo	0:2	1. Round	3	0:0	NA	NA	NA	False	False	0	2	-2017-2018/	http://www.worldfootball.net/report/knvb-beker-2017-2018-1-runde-rijnsburgse-boys-heracles-almelo/	Pieter Mulders	John Stegeman	[Richard van Nieuwkoop, Roderick Gielisse, Masies Artien, Hidde Prijs, Jordy Strooker, Carlos Opoku, Wesley Goeman, Jo xebl Tillema, Max Hudepohl, Jeffrey Jongeneelen, Maikey Parami]	[Bram Castro, Robin Pr xf pper, Wout Droste, Jeff Hardeveld, Lerin Duarte, Joey Pelupessy, Reuven Niemeijer, Jamiro Monteiro, Brahim Darri, Paul Gladon, Kristoffer Peterson]
49	52	19/09/2017	FC Emmen	NEC Nijmegen	1:3	1. Round	3	1:1	NA	NA	NA	False	False	1	3	-2017-2018/	http://www.worldfootball.net/report/knvb-beker-2017-2018-1-runde-fc-emmen-nec-nijmegen/	Dick Lukkien	Adrie Bogers	[Dennis Telgenkamp, Josimar Lima, Gersom Klok, Keziah Veendorp, Nick Bakker, Hilal Ben Moussa, Alexander Bannink, Michael Chacon, Glenn Bijl, Youri Loen, Cas Peters]	[Joris Delle, Ted van de Pavert, Calvin Verdonk, Wojciech Golla, Michael Heinloth, Mart Dijkstra, Ferdi Kad u o u flu, Gregor Breinburg, Arnaut Groeneveld, Sven Braken, Mohamed Rayhi]
50	53	19/09/2017	Kozakken Boys	De Graafschap	4:3	1. Round	3	1:0	1:1	1:1	NA	False	True	4	3	-2017-2018/	http://www.worldfootball.net/report/knvb-beker-2017-2018-1-runde-kozakken-boys-de-graafschap/	Danny Buijs	Henk de Jong	[, Nils den Hartog, Juri xebn Gaari, Wesley Pollemans, Quentin Jakoba, Sanny Monteiro, Jeffrey van Nuland, Leon Bot, Mahmut S xf nmez, Gwaeron Stout, Abdulsamed Abdullahi]	[Nils den Hartog, Juri xebn Gaari, Wesley Pollemans, Quentin Jakoba, Sanny Monteiro, Jeffrey van Nuland, Leon Bot, Mahmut S xf nmez, Gwaeron Stout, Abdulsamed Abdullahi, Ahmed el Azzouti]
51	54	19/09/2017	Sparta Nijkerk	FC Eindhoven	0:1	1. Round	3	0:0	NA	NA	NA	False	False	0	1	-2017-2018/	http://www.worldfootball.net/report/knvb-beker-2017-2018-1-runde-sparta-nijkerk-fc-eindhoven/	Marco Roelofsen	Wilfred van Leeuwen	[Brian Willemse, Mohammed Al Haydar, Dennis van der Wal, Janic Makizodila, Brian Bawuah, Rick Knoop, Frank Heus, Jesse Buitenhuis, Donny van der Wal, Jorrit Fiegen, Rafael Boer]	[Ruud Swinkels, Herv xe Matthys, Maxime Gunst, Thomas Horsten, Sebastiaan De Wilde, Alessio Carlone, Fries Deschilder, Branco van den Boomen, Tarik Kada, Elton Kabangu, Dennis Van Vaerenbergh]
52	55	19/09/2017	SC Genemuiden	De Treffers	1:3	1. Round	3	1:1	NA	NA	NA	False	False	1	3	-2017-2018/	http://www.worldfootball.net/report/knvb-beker-2017-2018-1-runde-sc-genemuiden-de-treffers/	Jan van Raalte	Anton Janssen	[Raymond Beukeveld, Dirk Muis, Roelof de Jong, Rick Doorn, Nick Buitink, Robert Boes, Jacco Riemens, Joran Pot, Omar Kavak, Sijmon Eenkhoorn, Frank Kuurman]	[Niels Kornelis, Bram Eltink, Joris Janssen, Bryan Sirvania, Pim Balkestein, Eef van Riel, Robin Janssen, Bas Hendriks, Nick de Bondt, Cedric Badjeck, Coen Maertzdorf]
53	56	19/09/2017	Quick Boys	FC Volendam	1:3	1. Round	3	1:1	NA	NA	NA	False	False	1	3	-2017-2018/	http://www.worldfootball.net/report/knvb-beker-2017-2018-1-runde-quick-boys-fc-volendam/	Jan Zoutman	Misha Salden	[Martijn de Zwart, Anthony Bentem, Dennis van der Plas, Joey Ravensbergen, Arie de Vreugd, Mohamad Mahmoed, Delano xe Cohen, Tenta Maeda, Reda Kharchouch, Yordi Teijsse, Max van Steen]	[Hobie Verhulst, Erik Schouten, Henny Schilder, Paul Kok, Mohamed Betti, Nick Runderkamp, Kevin Visser, Joey Veerman, Lu xeds Pedro, Nick Doodeman, Teije ten Den]
54	57	19/09/2017	MVV	AZ Alkmaar	2:3	1. Round	3	1:2	NA	NA	NA	False	False	2	3	-2017-2018/	http://www.worldfootball.net/report/knvb-beker-2017-2018-1-runde-mvv-az-alkmaar/	Ron Elsen	John van den Brom	[Michael Verrips, Christophe Janssens, Samy Mmaee, Steven Pereira, Alessandro Ciranni, Florian Loshaj, Dean Koolhof, Pieter Nys, Marvin Ogunjimi, Joeri Schroyen, Jonathan Okita]	[Marco Bizot, Jonas Svensson, Thomas Ouwejan, Pantelis Hatzidiakos, Stijn Wuytens, Joris van Overeem, Marko Vejinovi u, Guus Til, Alireza Jahanbakhsh, Wout Weghorst, Mats Seuntjens]
55	58	20/09/2017	VV Capelle	Roda JC Kerkrade	0:5	1. Round	3	0:3	NA	NA	NA	False	False	0	5	-2017-2018/	http://www.worldfootball.net/report/knvb-beker-2017-2018-1-runde-vv-capelle-roda-jc-kerkrade/	Winand van Loon	Robert Molenaar	[Bradly van de Meer, Gert Jan Rothman, Boris Letterie, Stefan Dams, Jamie Jaliens, Sandin Avdi u, Wilmer Kousemaker, Jorn van Lunteren, Olaf van der Sande, Tim Vincken, Angelmo Vyent]	[Hidde Jurjus, Frederic Ananou, Adil Auassar, Jannes Vansteenkiste, Ashton G xf tz, Mohamed el Makrini, Simon Gustafson, Nathan Rutjes, Dani Schahin, Gyliano van Velzen, Mario Engels]
56	59	20/09/2017	AVV Swift	Vitesse	5:3	1. Round	3	0:0	0:0	0:0	NA	False	True	5	3	-2017-2018/	http://www.worldfootball.net/report/knvb-beker-2017-2018-1-runde-avv-swift-vitesse/	Bart Logchies	Henk Fraser	[, Bogdan Constantin, Teun van Zweeden, Mike Ruijter, Mathieu Christianen, Nik Gabel, Rutger de Vries, Max van Wakeren, Mallqui Cabezas, Jaap Smeeing, Tim Wulffraat]	[Bogdan Constantin, Teun van Zweeden, Mike Ruijter, Mathieu Christianen, Nik Gabel, Rutger de Vries, Max van Wakeren, Mallqui Cabezas, Jaap Smeeing, Tim Wulffraat, Ron Rosenhart]
57	60	20/09/2017	SVV Scheveningen	AFC Ajax	1:5	1. Round	3	0:2	NA	NA	NA	False	False	1	5	-2017-2018/	http://www.worldfootball.net/report/knvb-beker-2017-2018-1-runde-svv-scheveningen-afc-ajax/	John Blok	Marcel Keizer	[Sven Wolsheimer, Kevin G xf mez, Samir el Moussaoui, Ruben Koorndijk, Jari de Jong, Levi Schwiebbe, Mitchell de Vlugt, Leroy Resodihardjo, Barry Rog, Tim Peters, Mehmet Aldo u fan]	[Benjamin van Leer, Jo xebl Veltman, Max W xf ber, Nick Viergever, Luis Orejuela, Carel Eiting, Lasse Sch xf ne, Siem de Jong, David Neres, Vaclav u cern xfd, Kasper Dolberg]
58	61	20/09/2017	ASV De Dijk	HHC Hardenberg	2:1	1. Round	3	0:1	NA	NA	NA	False	False	2	1	-2017-2018/	http://www.worldfootball.net/report/knvb-beker-2017-2018-1-runde-asv-de-dijk-hhc-hardenberg/	Jochem Twisker	Gert-Jan Karsten	[Jeroen Verhoeven, Frank Schilder, Robert Verschraagen, Alje Wiltenburg, Tony Tol, Kevin Westmaas, Abderrahim Loukili, Harry Zwarthoed, Tim Ruder, Chakib Tayeb, Nabil el Gourari]	[Sander Danes, Kevin G xf rtz, Koos Werkman, Hamid Zarbaf, Danny Bouws, Glenn Kobussen, Tiemen van Hezel, Rick Hemmink, Shkodran Metaj, Rob van der Leij, Rens van Benthem]
59	62	20/09/2017	VV Katwijk	Ter Leede	4:0	1. Round	3	1:0	NA	NA	NA	False	False	4	0	-2017-2018/	http://www.worldfootball.net/report/knvb-beker-2017-2018-1-runde-vv-katwijk-ter-leede/	Dick Schreuder	Henk Wisman	[, Mark de Vries, Omar Hamdi, Michiel van Dam, Guus van Weerdenburg, Bennie van Noord, Robbert Susan, Paul de Lange, Kilian Berkhout, Mark de Loor, Damiano Schet]	[Mark de Vries, Omar Hamdi, Michiel van Dam, Guus van Weerdenburg, Bennie van Noord, Robbert Susan, Paul de Lange, Kilian Berkhout, Mark de Loor, Damiano Schet, Marciano Mengerink]
60	63	20/09/2017	Achilles'29	NAC Breda	4:3	1. Round	3	1:2	NA	NA	NA	False	False	4	3	-2017-2018/	http://www.worldfootball.net/report/knvb-beker-2017-2018-1-runde-achilles29-nac-breda/	Eric Meijers	Stijn Vreven	[Timo Plattel, Derwin Martina, Shuremy Felomina, Marijn de Kler, Yannick Zeeman, Boy van de Beek, Christoff Dias de Oliveira, Imran Oulad Omar, Omid Popalzay, Niels Wouters, Niek Versteegen]	[Mark Birighitti, Menno Koch, Karol Mets, Pablo Mar xed, Jos xe Angeli xf o, Arno Verschueren, Mounir el Allouchi, Rai Vloet, Manu Garc xeda, Giovanni Korte, Richelor Sprangers]
61	64	20/09/2017	VV Sint Bavo	SC Telstar	4:1	1. Round	3	1:1	NA	NA	NA	False	False	4	1	-2017-2018/	http://www.worldfootball.net/report/knvb-beker-2017-2018-1-runde-vv-sint-bavo-sc-telstar/	Mark Schenning	Mike Snoei	[Ruben Valk, Peet van der Slot, Jelmer Vijlbrief, Richelo Fecunda, Tomas Arroyo, Vladimir Jozi u, Frans van Niel, Tim de Rijk, Mohamed el Ousrouti, Pieter Koopman, Lloyd van der Wilden]	[Sven van der Maaten, Donny van Iperen, Toine van Huizen, Shaquill Sno, Elso Brito, Jerdy Schouten, Mo Osman, Edo Knol, Melvin Platje, Andrija Novakovich, Gerson Rodrigues]
62	65	20/09/2017	SBV Excelsior	sc Heerenveen	1:2	1. Round	3	0:2	NA	NA	NA	False	False	1	2	-2017-2018/	http://www.worldfootball.net/report/knvb-beker-2017-2018-1-runde-sbv-excelsior-sc-heerenveen/	Mitchell van der Gaag	Jurgen Streppel	[, xd gmundur Kristinsson, Khalid Karami, Wout Faes, Milan Massop, Jordy de Wijs, Hicham Faik, Ryan Koolwijk, Ali Messaoud, Kevin Vermeulen, Luigi Bruins]	[xd gmundur Kristinsson, Khalid Karami, Wout Faes, Milan Massop, Jordy de Wijs, Hicham Faik, Ryan Koolwijk, Ali Messaoud, Kevin Vermeulen, Luigi Bruins, Zakaria el Azzouzi]
63	66	20/09/2017	VV Staphorst	Koninklijke HFC	2:3	1. Round	3	0:0	NA	NA	NA	False	False	2	3	-2017-2018/	http://www.worldfootball.net/report/knvb-beker-2017-2018-1-runde-vv-staphorst-koninklijke-hfc/	Jan Vlap	Ted Verdonkschot	[Ren xe Oosterhof, Frank van der Burg, Ewald Koster, Reinier Crediet, Rob Mijnheer, Mark Veldmate, Dennis Rosink, Martijn Brakke, William de Boer, Mark Schra, Mike Reuvers]	[Tom Boks, Danny Hols, Oscar Wilffert, Andr xe Morgan, Wessel Boer, Kevin de Visser, Roy Castien, Michael Timisela, Daniel van Son, Steven Olsthoorn, Kevin Sterling]
64	67	20/09/2017	ONS Sneek	FC Twente	1:3	1. Round	3	0:2	NA	NA	NA	False	False	1	3	-2017-2018/	http://www.worldfootball.net/report/knvb-beker-2017-2018-1-runde-ons-sneek-fc-twente/	Chris de Wagt	Ren\xe9 Hake	[Barry Ditewig, Gustavo van der Veen, Ale de Boer, Klaas de Vries, Serge Fatima, Frits Dantuma, Michael Lanting, Tom Arissen, Genridge Prijor, Arton Musliu, Cutrick Gonzales]	[Jorn Brondeel, Hidde ter Avest, Stefan Thesker, Peet Bijen, Jeroen van der Lely, Haris Vu u dki u, Michael Liendl, Tom Boere, Isaac Buckley Ricketts, Luciano Slagveer, Adnane Tighadouini]
65	68	20/09/2017	AFC Ajax Zaterdag	FC Utrecht	0:6	1. Round	3	0:6	NA	NA	NA	False	False	0	6	-2017-2018/	http://www.worldfootball.net/report/knvb-beker-2017-2018-1-runde-afc-ajax-zaterdag-fc-utrecht/	Jorg Smeets	Erik ten Hag	[Stephan Veenboer, Glenn van Zoolingen, Edwin Soenarto, Rience Schurman, Tim de Jong, Jack van Moerkerk, Berry van t Land, Stanley Akoy, Kenneth Misa Danso, Zakaria el Biyar, Bilal el Amrani]	[David Jensen, Dario Dumi u, Robin van der Meer, Sean Klaiber, Edson Braafheid, Yassin Ayoub, Urby Emanuelson, Matty Willock, Zakaria Labyad, Cyriel Dessers, Lukas G xf rtler]
66	69	20/09/2017	CSV Apeldoorn	Willem II	2:4	1. Round	3	0:2	NA	NA	NA	False	False	2	4	-2017-2018/	http://www.worldfootball.net/report/knvb-beker-2017-2018-1-runde-csv-apeldoorn-willem-ii/	J\xfcrgen Schefczyk	Erwin van de Looi	[Patrick Jansen, Melvin Bresser, Joost Krijns, Rob Diderik, Charlie van der Hulst, Maarten Boeve, Steven van Es, Jeremy Jonker, Maikel Lange, Sander Krijns, Jamarro Diks]	[Timon Wellenreuther, Freek Heerkens, Jordens Peters, Jop van der Linden, Kostas Tsimikas, Darryl Lachman, Pedro Chirivella, Thom Haye, Ben Rienstra, Fran Sol, Etien Velikonja]
67	70	20/09/2017	Feyenoord	ADO Den Haag	2:0	1. Round	3	0:0	NA	NA	NA	False	False	2	0	-2017-2018/	http://www.worldfootball.net/report/knvb-beker-2017-2018-1-runde-feyenoord-ado-den-haag/	Giovanni van Bronckhorst	Alfons Groenendijk	[Brad Jones, Ridgeciano Haps, Jan Arie van der Heijden, Kevin Diks, Eric Botteghin, Karim El Ahmadi, Sofyan Amrabat, Jens Toornstra, Sam Larsson, Steven Berghuis, Michiel Kramer]	[Robert Zwinkels, Tyronne Ebuehi, Tom Beugelsdijk, Wilfried Kanon, Aaron Meijers, Donny Gorter, Lex Immers, Nasser el Khayati, Bj xf rn Johnsen, xc douard Duplan, Elson Hooi]
68	71	21/09/2017	VV De Meern	PEC Zwolle	0:5	1. Round	3	0:3	NA	NA	NA	False	False	0	5	-2017-2018/	http://www.worldfootball.net/report/knvb-beker-2017-2018-1-runde-vv-de-meern-pec-zwolle/	Joel Titaley	John van 't Schip	[Jordi Haneveld, Rick Hauwert, Tobias Elmensdorp, Mark den Hartogh, Lennard van den Brink, Anis Ziani, Hakan Yasar, Tom Waltman, Jordy Stins, Zakaria el Bennay, Kesly den Haag]	[Mickey van der Hart, Bram van Polen, Nicol xe s Freire, Philippe Sandler, Kingsley Ehizibue, Erik Bakker, Ryan Thomas, Youness Mokhtar, Piotr Parzyszek, Stef Nijland, Younes Namli]
69	72	21/09/2017	USV Hercules	FC Groningen	2:4	1. Round	3	1:1	NA	NA	NA	False	False	2	4	-2017-2018/	http://www.worldfootball.net/report/knvb-beker-2017-2018-1-runde-usv-hercules-fc-groningen/	Eric Speelziek	Ernest Faber	[Fons Mulder, Kevin Ligtermoet, Matthijs Blijham, Mart Stokkers, Leroy Oehlers, Alfred Mensah, Floris Burgers, Jeffrey Vlug, Tyrone Fonfille, Guytho Mijland, Fouad Belarbi]	[Sergio Padt, Mike te Wierik, Samir Memi u evi u, Eti xebnne Reijnen, Django Warmerdam, Juninho Bacuna, Jesper Drost, Ludovit Reis, Lars Veldwijk, Mimoun Mahi, Oussama Idrissi]
70	73	21/09/2017	Blauw Geel '38	VVV-Venlo	0:3	1. Round	3	0:3	NA	NA	NA	False	False	0	3	-2017-2018/	http://www.worldfootball.net/report/knvb-beker-2017-2018-1-runde-blauw-geel-38-vvv-venlo/	Niels van Casteren	Maurice Steijn	[Brahim Zaari, Edwin Huibers, Erik van Loon, Desley Schilders, Mark Dobbelsteen, Sander van Egmond, Sam Strijbosch, Serkan Ordu, Joey Hellstern, Sjaak Egmond, Danny Verbakel]	[Delano van Crooy, Leroy Labylle, Nils R xf seler, Danny Post, Clint Leemans, Damian van Bruggen, Terry Antonis, Kelechi Nwakali, Tarik Tissoudali, Mink Peeters, Etienne Amenyido]
71	74	21/09/2017	SDC Putten	PSV Eindhoven	0:4	1. Round	3	0:1	NA	NA	NA	False	False	0	4	-2017-2018/	http://www.worldfootball.net/report/knvb-beker-2017-2018-1-runde-sdc-putten-psv-eindhoven/	Michael van den Berg	Phillip Cocu	[Manuel Hoogewoning, Thomas Amende, Rick van den Brink, Martijn Duits, Sander Duits, Kees Pluim, Jerry Geurtsen, Wouter de Bruin, Abdelmoumin Cherkaoui, Jurian van den Brink, Joost Heerschop]	[Jeroen Zoet, Derrick Luckassen, Daniel Schwaab, Joshua Brenet, Kenneth Paal, Gast xf n Pereiro, Jorrit Hendrix, Bart Ramselaar, Adam Maher, Sam Lammers, J xfcrgen Locadia]
72	75	11/10/2017	FC Lisse	HSV Hoek	5:6	1. Round	3	0:0	1:1	2:2	NA	False	True	5	6	-2017-2018/	http://www.worldfootball.net/report/knvb-beker-2017-2018-1-runde-fc-lisse-hsv-hoek/	Robbert de Ruiter	Jannes Tant	[, Wesley Storm, Niels Buijs, Robert van Boxel, Timothy van der Meulen, Justin Valk, Lars Rauws, Martin van Eeuwijk, Rik Vermeulen, Rowdy van der Putten, Koen Fokkema]	[Wesley Storm, Niels Buijs, Robert van Boxel, Timothy van der Meulen, Justin Valk, Lars Rauws, Martin van Eeuwijk, Rik Vermeulen, Rowdy van der Putten, Koen Fokkema, Rick Bouwmeister]
73	77	24/10/2017	NEC Nijmegen	Achilles'29	3:0	2. Round	4	1:0	NA	NA	NA	False	False	3	0	-2017-2018/	http://www.worldfootball.net/report/knvb-beker-2017-2018-2-runde-nec-nijmegen-achilles29/	Adrie Bogers	Eric Meijers	[Joshua Smits, Ted van de Pavert, Suently Alberto, Michael Heinloth, Frank Sturing, Kevin Jansen, Ferdi Kad u o u flu, Gregor Breinburg, Jordan Larsson, Arnaut Groeneveld, Steeven Langil]	[Timo Plattel, Marijn de Kler, Patrick Fini, Jesse Edge, K xfcr u fad S xfcrmeli, Boy van de Beek, Christoff Dias de Oliveira, Imran Oulad Omar, Omid Popalzay, Niels Wouters, Niek Versteegen]
74	78	24/10/2017	Fortuna Sittard	Go Ahead Eagles	3:0	2. Round	4	1:0	NA	NA	NA	False	False	3	0	-2017-2018/	http://www.worldfootball.net/report/knvb-beker-2017-2018-2-runde-fortuna-sittard-go-ahead-eagles/	Sunday Oliseh	Leon Vlemmings	[Aykut xd zer, Christopher Braun, Perr Schuurs, Wessel Dammers, Clint Essers, Micka xebl Malsa, Dries Saddiki, Lars Hutten, Ufukcan Engin, Lisandro Semedo, Stefan A u kovski]	[Maarten de Fockert, Rick Ketting, Xandro Schenk, La Vere Corbin Ong, Dennis Hettinga, Joey Suk, Pieter Langedijk, Sjoerd Overgoor, Tim H xf lscher, Sam Hendriks, Givan Werkhoven]
75	79	24/10/2017	PEC Zwolle	Kozakken Boys	3:2	2. Round	4	1:0	2:2	3:2	NA	True	False	3	2	-2017-2018/	http://www.worldfootball.net/report/knvb-beker-2017-2018-2-runde-pec-zwolle-kozakken-boys/	John van 't Schip	Danny Buijs	[Mickey van der Hart, Bram van Polen, Nicol xe s Freire, Philippe Sandler, Kingsley Ehizibue, Mustafa Saymak, Erik Bakker, Ryan Thomas, Youness Mokhtar, Piotr Parzyszek, Younes Namli]	[Nils den Hartog, Juri xebn Gaari, Wesley Pollemans, Quentin Jakoba, Sven van Ingen, Sanny Monteiro, Leon Bot, Everton Pires Tavares, Gwaeron Stout, Raily Ignacio, Ahmed el Azzouti]
76	80	24/10/2017	VV Katwijk	VV Sint Bavo	1:2	2. Round	4	0:0	NA	NA	NA	False	False	1	2	-2017-2018/	http://www.worldfootball.net/report/knvb-beker-2017-2018-2-runde-vv-katwijk-vv-sint-bavo/	Dick Schreuder	Mark Schenning	[Ricardo Kieboom, Michiel van Dam, Bennie van Noord, Kay Blokland, Raoul Esseboom, Robbert Susan, Paul de Lange, Mark de Loor, Stefan Plat, Damiano Schet, Marciano Mengerink]	[Ruben Valk, Jordy Zwart, Jelmer Vijlbrief, Richelo Fecunda, Tomas Arroyo, Niels van Pelt, Frans van Niel, Tim de Rijk, Mohamed el Ousrouti, Guido Pauw, Tommy Bekooy]
77	81	24/10/2017	GVVV	Koninklijke HFC	1:0	2. Round	4	0:0	NA	NA	NA	False	False	1	0	-2017-2018/	http://www.worldfootball.net/report/knvb-beker-2017-2018-2-runde-gvvv-koninklijke-hfc/	Niek Oosterlee	Ted Verdonkschot	[Johan Jansen, Bart Hulsbos, Taoufik Adnane, Wilco den Hartog, Laurens van der Voort, Roy Terschegget, Simon Brouwer, Mart de Jong, Martin van Eck, Jeremy de Graaf, Soufiane Laghmouchi]	[Tom Boks, Danny Hols, Oscar Wilffert, Andr xe Morgan, Wessel Boer, Kevin de Visser, Roy Castien, Michael Timisela, Daniel van Son, Kevin Sterling, Gertjan Tamerus]
78	82	24/10/2017	RKC Waalwijk	De Treffers	7:0	2. Round	4	3:0	NA	NA	NA	False	False	7	0	-2017-2018/	http://www.worldfootball.net/report/knvb-beker-2017-2018-2-runde-rkc-waalwijk-de-treffers/	Peter van den Berg	Anton Janssen	[Etienne Vaessen, Gigli Ndefe, Jan Lammers, Henrico Drost, Paul Quasten, Hans Mulder, Nikki Baggerman, Johan Voskamp, Dylan Seys, Roland Bergkamp, Sa xefd Bakari]	[Jordy van de Kracht, Bram Eltink, Joris Janssen, Bryan Sirvania, Pim Balkestein, Eef van Riel, Robin Janssen, Bas Hendriks, Nick de Bondt, Cedric Badjeck, Coen Maertzdorf]
79	83	24/10/2017	FC Den Bosch	SC Cambuur	0:2	2. Round	4	0:0	NA	NA	NA	False	False	0	2	-2017-2018/	http://www.worldfootball.net/report/knvb-beker-2017-2018-2-runde-fc-den-bosch-sc-cambuur/	Willy Boessen	Marinus Dijkhuizen	[Kees Heemskerk, Sam Kersten, Mattias Andersson, Jordy van der Winden, Jeremy Fernandes, Jens van Son, Niek Vossebelt, Muhammed Mert, Sven Blummel, Dennis Kaars, Oussama Bouyaghlafen]	[Erik Cummins, Jordy van Deelen, Matthew Steenvoorden, Robbert Schilder, Marvin Peersman, Jurjan Mannes, Daan Boerlage, Kevin van Kippersluis, Alvin Daniels, Martijn Barto, Nigel Robertha]
80	84	24/10/2017	FC Twente	FC Eindhoven	3:0	2. Round	4	1:0	NA	NA	NA	False	False	3	0	-2017-2018/	http://www.worldfootball.net/report/knvb-beker-2017-2018-2-runde-fc-twente-fc-eindhoven/	Marino Pu\u0161i\u0107	Wilfred van Leeuwen	[Jorn Brondeel, Hidde ter Avest, Stefan Thesker, Cristi xe n Cuevas, Peet Bijen, Michael Liendl, Jelle van der Heyden, Oussama Assaidi, Tom Boere, Luciano Slagveer, Adnane Tighadouini]	[Ruud Swinkels, Herv xe Matthys, Thomas Horsten, Sebastiaan De Wilde, Kyle De Silva, Branco van den Boomen, Jellert Van Landschoot, Tibeau Swinnen, Elton Kabangu, Mart Lieder, Tibo Van De Velde]
81	85	25/10/2017	Heracles Almelo	HSV Hoek	3:1	2. Round	4	2:0	NA	NA	NA	False	False	3	1	-2017-2018/	http://www.worldfootball.net/report/knvb-beker-2017-2018-2-runde-heracles-almelo-hsv-hoek/	John Stegeman	Jannes Tant	[Harm Zeinstra, Tim Breukers, Dries Wuytens, Dario Van Den Buijs, Roland Baas, Peter van Ooijen, Reuven Niemeijer, Jamiro Monteiro, Jaroslav Navratil, Kristoffer Peterson, Vincent Vermeij]	[Jordi De Jonghe, Thomas Van Renterghem, Kim Van Den Bergh, Reguillo Vandepitte, Fabian Wilson, Zinho Chergui, Stef De Backer, Rik Impens, Aaron Verwilligen, Bram Leroy, Niek van Sprundel]
82	86	25/10/2017	VVV-Venlo	FC Utrecht	3:1	2. Round	4	2:0	NA	NA	NA	False	False	3	1	-2017-2018/	http://www.worldfootball.net/report/knvb-beker-2017-2018-2-runde-vvv-venlo-fc-utrecht/	Maurice Steijn	Erik ten Hag	[Delano van Crooy, Moreno Rutten, Roel Janssen, Nils R xf seler, Clint Leemans, Ralf Seuntjens, Damian van Bruggen, Kelechi Nwakali, Vito van Crooy, Lennart Thy, Torino Hunte]	[David Jensen, Dario Dumi u, Willem Janssen, Robin van der Meer, Giovanni Troup xe e, Edson Braafheid, Yassin Ayoub, Urby Emanuelson, Sander van de Streek, Cyriel Dessers, Lukas G xf rtler]
83	87	25/10/2017	ASV De Dijk	AFC Ajax	1:4	2. Round	4	0:3	NA	NA	NA	False	False	1	4	-2017-2018/	http://www.worldfootball.net/report/knvb-beker-2017-2018-2-runde-asv-de-dijk-afc-ajax/	Jochem Twisker	Marcel Keizer	[Jeroen Verhoeven, Frank Schilder, Nick Kuipers, Tony Tol, Kevin Westmaas, Abderrahim Loukili, Maarten Woudenberg, Tim Ruder, Jack Tuyp, Chakib Tayeb, Nabil el Gourari]	[Kostas Lamprou, Matthijs de Ligt, Daley Sinkgraven, Frenkie de Jong, Nick Viergever, Luis Orejuela, Carel Eiting, Siem de Jong, Vaclav u cern xfd, Kasper Dolberg, Justin Kluivert]
84	88	25/10/2017	Willem II	sc Heerenveen	2:1	2. Round	4	0:0	NA	NA	NA	False	False	2	1	-2017-2018/	http://www.worldfootball.net/report/knvb-beker-2017-2018-2-runde-willem-ii-sc-heerenveen/	Erwin van de Looi	Jurgen Streppel	[Mattijs Branderhorst, Freek Heerkens, Jordens Peters, Jop van der Linden, Kostas Tsimikas, Darryl Lachman, Pedro Chirivella, Thom Haye, Ben Rienstra, Fran Sol, Mo el Hankouri]	[Martin Hansen, Denzel Dumfries, Daniel H xf egh, Kik Pierie, Lucas Woudenberg, Morten Thorsby, Martin xd degaard, Yuki Kobayashi, Marco Rojas, Reza Ghoochannejhad, Henk Veerman]
85	89	25/10/2017	Roda JC Kerkrade	FC Groningen	3:1	2. Round	4	1:0	NA	NA	NA	False	False	3	1	-2017-2018/	http://www.worldfootball.net/report/knvb-beker-2017-2018-2-runde-roda-jc-kerkrade-fc-groningen/	Robert Molenaar	Ernest Faber	[Hidde Jurjus, Frederic Ananou, Ard van Peppen, Adil Auassar, Ashton G xf tz, Mohamed el Makrini, Simon Gustafson, Tsiy William Ndenge, Mikhail Rosheuvel, Dani Schahin, Gyliano van Velzen]	[Sergio Padt, Mike te Wierik, Samir Memi u evi u, Eti xebnne Reijnen, Django Warmerdam, Amir Absalem, Juninho Bacuna, Ruben Jenssen, Ritsu Doan, Ludovit Reis, Tom van Weert]
86	90	25/10/2017	Feyenoord	AVV Swift	4:1	2. Round	4	2:0	NA	NA	NA	False	False	4	1	-2017-2018/	http://www.worldfootball.net/report/knvb-beker-2017-2018-2-runde-feyenoord-avv-swift/	Giovanni van Bronckhorst	Bart Logchies	[, Kenneth Vermeer, Bart Nieuwkoop, Jerry St Juste, Kevin Diks, Miquel Nelom, Sofyan Amrabat, Jens Toornstra, Sam Larsson, Bilal Ba u fa xe u ko u flu, Michiel Kramer]	[Kenneth Vermeer, Bart Nieuwkoop, Jerry St Juste, Kevin Diks, Miquel Nelom, Sofyan Amrabat, Jens Toornstra, Sam Larsson, Bilal Ba u fa xe u ko u flu, Michiel Kramer, Dylan Vente]
87	91	26/10/2017	FC Volendam	PSV Eindhoven	0:2	2. Round	4	0:0	0:0	0:2	NA	True	False	0	2	-2017-2018/	http://www.worldfootball.net/report/knvb-beker-2017-2018-2-runde-fc-volendam-psv-eindhoven/	Misha Salden	Phillip Cocu	[Hobie Verhulst, Gijs Smal, Erik Schouten, Daan Klinkenberg, Ties Evers, Kevin Visser, Joey Veerman, Nick Runderkamp, Enzo Stroo, Lu xeds Pedro, Nick Doodeman]	[Jeroen Zoet, Nicolas Isimat Mirin, Santiago Arias, Daniel Schwaab, Joshua Brenet, Jorrit Hendrix, Bart Ramselaar, Adam Maher, Luuk de Jong, Hirving Lozano, Albert Gu xf mundsson]
88	92	26/10/2017	Almere City FC	AZ Alkmaar	0:4	2. Round	4	0:1	NA	NA	NA	False	False	0	4	-2017-2018/	http://www.worldfootball.net/report/knvb-beker-2017-2018-2-runde-almere-city-fc-az-alkmaar/	Jack de Gier	John van den Brom	[Chiel Kramer, Kees van Buuren, Calvin Mac Intosch, Josef Kv xedda, Damon Mirani, Gaston Salasiwa, Anass Ahannach, Kevin Brands, Arsenio Valpoort, Ezra Walian, Achille Vaarnold]	[Marco Bizot, Jonas Svensson, Thomas Ouwejan, Ricardo van Rhijn, Stijn Wuytens, Fredrik Midtsj xf, Joris van Overeem, Teun Koopmeiners, Guus Til, Alireza Jahanbakhsh, Wout Weghorst]
89	94	19/12/2017	PEC Zwolle	NEC Nijmegen	2:0	Round of 16	5	1:0	NA	NA	NA	False	False	2	0	-2017-2018/	http://www.worldfootball.net/report/knvb-beker-2017-2018-achtelfinale-pec-zwolle-nec-nijmegen/	John van 't Schip	Adrie Bogers	[, Diederik Boer, Bram van Polen, Dirk Marcellis, Kingsley Ehizibue, Mustafa Saymak, Rick Dekker, Erik Bakker, Ryan Thomas, Youness Mokhtar, Terell Ondaan]	[Diederik Boer, Bram van Polen, Dirk Marcellis, Kingsley Ehizibue, Mustafa Saymak, Rick Dekker, Erik Bakker, Ryan Thomas, Youness Mokhtar, Terell Ondaan, Younes Namli]
90	95	19/12/2017	SC Cambuur	GVVV	3:0	Round of 16	5	0:0	NA	NA	NA	False	False	3	0	-2017-2018/	http://www.worldfootball.net/report/knvb-beker-2017-2018-achtelfinale-sc-cambuur-gvvv/	Sipke Hulshoff	Niek Oosterlee	[Erik Cummins, Matthew Steenvoorden, Sai van Wermeskerken, Robbert Schilder, Marvin Peersman, Ricardo Kip, Bryan Smeets, Mathias Schils, Issa Kallon, Nigel Robertha, Furdjel Narsingh]	[Johan Jansen, Taoufik Adnane, Wilco den Hartog, Laurens van der Voort, Guido Janssen, Danny de Leeuw, Robin Mulder, Mart de Jong, Martin van Eck, Jeremy de Graaf, Soufiane Laghmouchi]
91	96	19/12/2017	Willem II	RKC Waalwijk	3:0	Round of 16	5	3:0	NA	NA	NA	False	False	3	0	-2017-2018/	http://www.worldfootball.net/report/knvb-beker-2017-2018-achtelfinale-willem-ii-rkc-waalwijk/	Erwin van de Looi	Peter van den Berg	[Mattijs Branderhorst, Fernando Lewis, Freek Heerkens, Jop van der Linden, Kostas Tsimikas, Darryl Lachman, Thom Haye, Ben Rienstra, Bartholomew Ogbeche, Fran Sol, Ismail Azzaoui]	[Etienne Vaessen, Gigli Ndefe, Jan Lammers, Henrico Drost, Paul Quasten, Hans Mulder, Nikki Baggerman, Daan Rienstra, Dylan Seys, Chovanie Amatkarijo, Sa xefd Bakari]
92	97	20/12/2017	PSV Eindhoven	VVV-Venlo	4:1	Round of 16	5	1:1	NA	NA	NA	False	False	4	1	-2017-2018/	http://www.worldfootball.net/report/knvb-beker-2017-2018-achtelfinale-psv-eindhoven-vvv-venlo/	Phillip Cocu	Maurice Steijn	[Jeroen Zoet, Nicolas Isimat Mirin, Santiago Arias, Daniel Schwaab, Joshua Brenet, Jorrit Hendrix, Marco van Ginkel, Bart Ramselaar, Luuk de Jong, Hirving Lozano, Steven Bergwijn]	[Delano van Crooy, Moreno Rutten, Jerold Promes, Roel Janssen, Nils R xf seler, Clint Leemans, Ralf Seuntjens, Johnathan Opoku, Damian van Bruggen, Vito van Crooy, Lennart Thy]
93	98	20/12/2017	Fortuna Sittard	AZ Alkmaar	2:4	Round of 16	5	1:1	NA	NA	NA	False	False	2	4	-2017-2018/	http://www.worldfootball.net/report/knvb-beker-2017-2018-achtelfinale-fortuna-sittard-az-alkmaar/	Sunday Oliseh	John van den Brom	[Miguel Santos, Christopher Braun, Perr Schuurs, Wessel Dammers, Clint Essers, Djibril Dianessy, Dries Saddiki, Jorrit Smeets, Finn Stokkers, Lisandro Semedo, Stefan A u kovski]	[Marco Bizot, Jonas Svensson, Thomas Ouwejan, Ricardo van Rhijn, Stijn Wuytens, Fredrik Midtsj xf, Joris van Overeem, Teun Koopmeiners, Guus Til, Alireza Jahanbakhsh, Wout Weghorst]
94	99	20/12/2017	FC Twente	AFC Ajax	6:5	Round of 16	5	0:1	1:1	1:1	NA	False	True	6	5	-2017-2018/	http://www.worldfootball.net/report/knvb-beker-2017-2018-achtelfinale-fc-twente-afc-ajax/	Gertjan Verbeek	Marcel Keizer	[, Jo xebl Drommel, Hidde ter Avest, Thomas Lam, Jos Hooiveld, Stefan Thesker, Cristi xe n Cuevas, Peet Bijen, Fredrik Jensen, Danny Holla, Oussama Assaidi]	[Jo xebl Drommel, Hidde ter Avest, Thomas Lam, Jos Hooiveld, Stefan Thesker, Cristi xe n Cuevas, Peet Bijen, Fredrik Jensen, Danny Holla, Oussama Assaidi, Tom Boere]
95	100	21/12/2017	VV Sint Bavo	Roda JC Kerkrade	0:1	Round of 16	5	0:0	NA	NA	NA	False	False	0	1	-2017-2018/	http://www.worldfootball.net/report/knvb-beker-2017-2018-achtelfinale-vv-sint-bavo-roda-jc-kerkrade/	Jack Honsbeek	Robert Molenaar	[Ruben Valk, Jordy Zwart, Jelmer Vijlbrief, Richelo Fecunda, Tomas Arroyo, Vladimir Jozi u, Frans van Niel, Tim de Rijk, Mohamed el Ousrouti, Tommy Bekooy, Pieter Koopman]	[Hidde Jurjus, Henk Dijkhuizen, Frederic Ananou, Jannes Vansteenkiste, Daryl Werker, Simon Gustafson, Tsiy William Ndenge, Nathan Rutjes, Mikhail Rosheuvel, Dani Schahin, Gyliano van Velzen]
96	101	21/12/2017	Feyenoord	Heracles Almelo	3:1	Round of 16	5	2:1	NA	NA	NA	False	False	3	1	-2017-2018/	http://www.worldfootball.net/report/knvb-beker-2017-2018-achtelfinale-feyenoord-heracles-almelo/	Giovanni van Bronckhorst	John Stegeman	[Brad Jones, Sven van Beek, Jerry St Juste, Renato Tapia, Tyrell Malacia, Karim El Ahmadi, Tonny Vilhena, Jens Toornstra, Jean Paul Bo xebtius, Steven Berghuis, Dylan Vente]	[Bram Castro, Tim Breukers, Dries Wuytens, Wout Droste, Roland Baas, Joey Pelupessy, Sebastian Jakubiak, Jamiro Monteiro, Brahim Darri, Brandley Kuwas, Kristoffer Peterson]
97	103	30/01/2018	FC Twente	SC Cambuur	3:1	Quarter-finals	6	0:1	NA	NA	NA	False	False	3	1	-2017-2018/	http://www.worldfootball.net/report/knvb-beker-2017-2018-viertelfinale-fc-twente-sc-cambuur/	Gertjan Verbeek	Sipke Hulshoff	[Jo xebl Drommel, Hidde ter Avest, Stefan Thesker, Richard Jensen, Cristi xe n Cuevas, Peet Bijen, Haris Vu u dki u, Fredrik Jensen, Adam Maher, Oussama Assaidi, Mounir El Hamdaoui]	[Erik Cummins, Matthew Steenvoorden, Sai van Wermeskerken, Robbert Schilder, Martijn van der Laan, Mathias Schils, Darren Rosheuvel, Issa Kallon, Martijn Barto, Xander Houtkoop, Nigel Robertha]
98	104	31/01/2018	AZ Alkmaar	PEC Zwolle	4:1	Quarter-finals	6	2:1	NA	NA	NA	False	False	4	1	-2017-2018/	http://www.worldfootball.net/report/knvb-beker-2017-2018-viertelfinale-az-alkmaar-pec-zwolle/	John van den Brom	John van 't Schip	[Marco Bizot, Jonas Svensson, Thomas Ouwejan, Pantelis Hatzidiakos, Stijn Wuytens, Fredrik Midtsj xf, Teun Koopmeiners, Guus Til, Alireza Jahanbakhsh, Wout Weghorst, Oussama Idrissi]	[Diederik Boer, Nicol xe s Freire, Dirk Marcellis, Philippe Sandler, Kingsley Ehizibue, Wouter Marinus, Rick Dekker, Erik Bakker, Youness Mokhtar, Terell Ondaan, Younes Namli]
99	105	31/01/2018	Feyenoord	PSV Eindhoven	2:0	Quarter-finals	6	2:0	NA	NA	NA	False	False	2	0	-2017-2018/	http://www.worldfootball.net/report/knvb-beker-2017-2018-viertelfinale-feyenoord-psv-eindhoven/	Giovanni van Bronckhorst	Phillip Cocu	[Brad Jones, Sven van Beek, Jerry St Juste, Renato Tapia, Tyrell Malacia, Karim El Ahmadi, Tonny Vilhena, Jens Toornstra, Nicolai J xf rgensen, Sam Larsson, Steven Berghuis]	[Jeroen Zoet, Nicolas Isimat Mirin, Santiago Arias, Daniel Schwaab, Joshua Brenet, Gast xf n Pereiro, Jorrit Hendrix, Bart Ramselaar, Mauro J xfanior, Luuk de Jong, Hirving Lozano]
100	106	01/02/2018	Willem II	Roda JC Kerkrade	5:4	Quarter-finals	6	1:1	2:2	2:2	NA	False	True	5	4	-2017-2018/	http://www.worldfootball.net/report/knvb-beker-2017-2018-viertelfinale-willem-ii-roda-jc-kerkrade/	Erwin van de Looi	Robert Molenaar	[, Mattijs Branderhorst, Fernando Lewis, Freek Heerkens, Kostas Tsimikas, Thomas Mei xdfner, Darryl Lachman, Pedro Chirivella, Thom Haye, Ben Rienstra, Bartholomew Ogbeche]	[Mattijs Branderhorst, Fernando Lewis, Freek Heerkens, Kostas Tsimikas, Thomas Mei xdfner, Darryl Lachman, Pedro Chirivella, Thom Haye, Ben Rienstra, Bartholomew Ogbeche, Fran Sol]
